{"licenses":[{"name":"","id":0,"url":""}],"info":{"contributor":"","date_created":"","description":"","url":"","version":"","year":""},"categories":[{"id":1,"name":"person","supercategory":""},{"id":2,"name":"motorcycle","supercategory":""},{"id":3,"name":"bicycle","supercategory":""},{"id":4,"name":"car","supercategory":""},{"id":5,"name":"truck","supercategory":""},{"id":6,"name":"bus","supercategory":""},{"id":7,"name":"motorcycle rider","supercategory":""},{"id":8,"name":"bicycle rider","supercategory":""}],"images":[{"id":1,"width":640,"height":480,"file_name":"RGB_00009.jpg","license":0,"flickr_url":"","coco_url":"","date_captured":0},{"id":2,"width":640,"height":480,"file_name":"RGB_00055.jpg","license":0,"flickr_url":"","coco_url":"","date_captured":0},{"id":3,"width":640,"height":480,"file_name":"RGB_00060.jpg","license":0,"flickr_url":"","coco_url":"","date_captured":0},{"id":4,"width":640,"height":480,"file_name":"RGB_00105.jpg","license":0,"flickr_url":"","coco_url":"","date_captured":0},{"id":5,"width":640,"height":480,"file_name":"RGB_00131.jpg","license":0,"flickr_url":"","coco_url":"","date_captured":0},{"id":6,"width":640,"height":480,"file_name":"RGB_00215.jpg","license":0,"flickr_url":"","coco_url":"","date_captured":0},{"id":7,"width":640,"height":480,"file_name":"RGB_00274.jpg","license":0,"flickr_url":"","coco_url":"","date_captured":0},{"id":8,"width":640,"height":480,"file_name":"RGB_00296.jpg","license":0,"flickr_url":"","coco_url":"","date_captured":0},{"id":9,"width":640,"height":480,"file_name":"RGB_00319.jpg","license":0,"flickr_url":"","coco_url":"","date_captured":0},{"id":10,"width":640,"height":480,"file_name":"RGB_00380.jpg","license":0,"flickr_url":"","coco_url":"","date_captured":0},{"id":11,"width":624,"height":492,"file_name":"Thermal_00000.jpg","license":0,"flickr_url":"","coco_url":"","date_captured":0},{"id":12,"width":624,"height":492,"file_name":"Thermal_00010.jpg","license":0,"flickr_url":"","coco_url":"","date_captured":0},{"id":13,"width":624,"height":492,"file_name":"Thermal_00015.jpg","license":0,"flickr_url":"","coco_url":"","date_captured":0},{"id":14,"width":624,"height":492,"file_name":"Thermal_00050.jpg","license":0,"flickr_url":"","coco_url":"","date_captured":0},{"id":15,"width":624,"height":492,"file_name":"Thermal_00060.jpg","license":0,"flickr_url":"","coco_url":"","date_captured":0},{"id":16,"width":624,"height":492,"file_name":"Thermal_00365.jpg","license":0,"flickr_url":"","coco_url":"","date_captured":0},{"id":17,"width":624,"height":492,"file_name":"Thermal_00485.jpg","license":0,"flickr_url":"","coco_url":"","date_captured":0},{"id":18,"width":624,"height":492,"file_name":"Thermal_00720.jpg","license":0,"flickr_url":"","coco_url":"","date_captured":0},{"id":19,"width":624,"height":492,"file_name":"Thermal_00735.jpg","license":0,"flickr_url":"","coco_url":"","date_captured":0},{"id":20,"width":624,"height":492,"file_name":"Thermal_00840.jpg","license":0,"flickr_url":"","coco_url":"","date_captured":0},{"id":21,"width":624,"height":492,"file_name":"Thermal_00865.jpg","license":0,"flickr_url":"","coco_url":"","date_captured":0},{"id":22,"width":624,"height":492,"file_name":"Thermal_00875.jpg","license":0,"flickr_url":"","coco_url":"","date_captured":0},{"id":23,"width":624,"height":492,"file_name":"Thermal_00885.jpg","license":0,"flickr_url":"","coco_url":"","date_captured":0},{"id":24,"width":624,"height":492,"file_name":"Thermal_00895.jpg","license":0,"flickr_url":"","coco_url":"","date_captured":0},{"id":25,"width":624,"height":492,"file_name":"Thermal_01080.jpg","license":0,"flickr_url":"","coco_url":"","date_captured":0},{"id":26,"width":624,"height":492,"file_name":"Thermal_01085.jpg","license":0,"flickr_url":"","coco_url":"","date_captured":0},{"id":27,"width":624,"height":492,"file_name":"Thermal_01105.jpg","license":0,"flickr_url":"","coco_url":"","date_captured":0},{"id":28,"width":624,"height":492,"file_name":"Thermal_01120.jpg","license":0,"flickr_url":"","coco_url":"","date_captured":0},{"id":29,"width":624,"height":492,"file_name":"Thermal_01135.jpg","license":0,"flickr_url":"","coco_url":"","date_captured":0},{"id":30,"width":624,"height":492,"file_name":"Thermal_01150.jpg","license":0,"flickr_url":"","coco_url":"","date_captured":0},{"id":31,"width":624,"height":492,"file_name":"Thermal_01160.jpg","license":0,"flickr_url":"","coco_url":"","date_captured":0},{"id":32,"width":624,"height":492,"file_name":"Thermal_01180.jpg","license":0,"flickr_url":"","coco_url":"","date_captured":0},{"id":33,"width":624,"height":492,"file_name":"Thermal_01190.jpg","license":0,"flickr_url":"","coco_url":"","date_captured":0},{"id":34,"width":624,"height":492,"file_name":"Thermal_01200.jpg","license":0,"flickr_url":"","coco_url":"","date_captured":0},{"id":35,"width":624,"height":492,"file_name":"Thermal_01245.jpg","license":0,"flickr_url":"","coco_url":"","date_captured":0},{"id":36,"width":624,"height":492,"file_name":"Thermal_01250.jpg","license":0,"flickr_url":"","coco_url":"","date_captured":0},{"id":37,"width":624,"height":492,"file_name":"Thermal_01260.jpg","license":0,"flickr_url":"","coco_url":"","date_captured":0},{"id":38,"width":624,"height":492,"file_name":"Thermal_01275.jpg","license":0,"flickr_url":"","coco_url":"","date_captured":0},{"id":39,"width":624,"height":492,"file_name":"Thermal_01290.jpg","license":0,"flickr_url":"","coco_url":"","date_captured":0},{"id":40,"width":624,"height":492,"file_name":"Thermal_01300.jpg","license":0,"flickr_url":"","coco_url":"","date_captured":0},{"id":41,"width":624,"height":492,"file_name":"Thermal_01315.jpg","license":0,"flickr_url":"","coco_url":"","date_captured":0},{"id":42,"width":624,"height":492,"file_name":"Thermal_01330.jpg","license":0,"flickr_url":"","coco_url":"","date_captured":0},{"id":43,"width":624,"height":492,"file_name":"Thermal_01345.jpg","license":0,"flickr_url":"","coco_url":"","date_captured":0},{"id":44,"width":624,"height":492,"file_name":"Thermal_01350.jpg","license":0,"flickr_url":"","coco_url":"","date_captured":0},{"id":45,"width":624,"height":492,"file_name":"Thermal_01370.jpg","license":0,"flickr_url":"","coco_url":"","date_captured":0},{"id":46,"width":624,"height":492,"file_name":"Thermal_01380.jpg","license":0,"flickr_url":"","coco_url":"","date_captured":0},{"id":47,"width":624,"height":492,"file_name":"Thermal_01400.jpg","license":0,"flickr_url":"","coco_url":"","date_captured":0},{"id":48,"width":624,"height":492,"file_name":"Thermal_01415.jpg","license":0,"flickr_url":"","coco_url":"","date_captured":0},{"id":49,"width":624,"height":492,"file_name":"Thermal_01440.jpg","license":0,"flickr_url":"","coco_url":"","date_captured":0},{"id":50,"width":624,"height":492,"file_name":"Thermal_01450.jpg","license":0,"flickr_url":"","coco_url":"","date_captured":0}],"annotations":[{"id":1,"image_id":1,"category_id":1,"segmentation":[[266.0,240.0,264.0,243.0,264.0,251.0,269.0,251.0,270.0,243.0]],"area":53.0,"bbox":[264.0,240.0,6.0,11.0],"iscrowd":0,"attributes":{"occluded":false}},{"id":2,"image_id":1,"category_id":1,"segmentation":[[231.0,241.0,229.0,246.0,230.0,254.0,238.0,254.0,239.0,250.0,235.0,241.0]],"area":101.0,"bbox":[229.0,241.0,10.0,13.0],"iscrowd":0,"attributes":{"occluded":false}},{"id":3,"image_id":1,"category_id":1,"segmentation":[[222.0,239.0,218.0,244.0,216.0,252.0,222.0,259.0,226.0,270.0,229.0,271.0,230.0,257.0,238.0,254.0,239.0,249.0,234.0,241.0,228.0,242.0]],"area":382.0,"bbox":[216.0,239.0,23.0,32.0],"iscrowd":0,"attributes":{"occluded":false}},{"id":4,"image_id":1,"category_id":1,"segmentation":[[116.0,244.0,117.0,266.0,120.0,266.0,123.0,262.0,123.0,249.0,121.0,245.0]],"area":129.0,"bbox":[116.0,244.0,7.0,22.0],"iscrowd":0,"attributes":{"occluded":false}},{"id":5,"image_id":1,"category_id":1,"segmentation":[[591.0,235.0,588.0,238.0,588.0,249.0,585.0,252.0,586.0,263.0,583.0,280.0,586.0,284.0,592.0,309.0,597.0,312.0,602.0,309.0,603.0,304.0,602.0,296.0,606.0,254.0,597.0,235.0]],"area":1209.0,"bbox":[583.0,235.0,23.0,77.0],"iscrowd":0,"attributes":{"occluded":false}},{"id":6,"image_id":1,"category_id":1,"segmentation":[[544.0,238.0,538.0,238.0,527.0,256.0,527.0,265.0,531.0,276.0,531.0,305.0,529.0,313.0,531.0,323.0,534.0,323.0,542.0,316.0,541.0,293.0,545.0,286.0,546.0,272.0,554.0,266.0,554.0,263.0,546.0,261.0,546.0,241.0]],"area":1189.0,"bbox":[527.0,238.0,27.0,85.0],"iscrowd":0,"attributes":{"occluded":false}},{"id":7,"image_id":1,"category_id":1,"segmentation":[[493.0,236.0,489.0,239.0,489.0,249.0,484.0,264.0,492.0,286.0,493.0,302.0,497.0,302.0,504.0,298.0,502.0,282.0,506.0,277.0,511.0,276.0,511.0,267.0,505.0,258.0,504.0,250.0,499.0,245.0,498.0,238.0]],"area":1002.0,"bbox":[484.0,236.0,27.0,66.0],"iscrowd":0,"attributes":{"occluded":false}},{"id":8,"image_id":1,"category_id":1,"segmentation":[[471.0,234.0,465.0,261.0,460.0,267.0,459.0,272.0,467.0,275.0,470.0,282.0,471.0,302.0,477.0,305.0,481.0,291.0,485.0,253.0,480.0,244.0,478.0,234.0]],"area":985.0,"bbox":[459.0,234.0,26.0,71.0],"iscrowd":0,"attributes":{"occluded":false}},{"id":9,"image_id":1,"category_id":1,"segmentation":[[157.0,242.0,153.0,250.0,155.0,268.0,157.0,271.0,160.0,271.0,164.0,267.0,164.0,252.0,161.0,243.0]],"area":248.0,"bbox":[153.0,242.0,11.0,29.0],"iscrowd":0,"attributes":{"occluded":false}},{"id":10,"image_id":1,"category_id":2,"segmentation":[[215.0,256.0,211.0,260.0,203.0,285.0,204.0,299.0,207.0,305.0,205.0,315.0,209.0,322.0,211.0,335.0,216.0,338.0,230.0,339.0,235.0,336.0,239.0,328.0,239.0,318.0,235.0,308.0,237.0,303.0,233.0,299.0,234.0,292.0,229.0,271.0,222.0,263.0,220.0,257.0]],"area":2113.0,"bbox":[203.0,256.0,36.0,83.0],"iscrowd":0,"attributes":{"occluded":false}},{"id":11,"image_id":1,"category_id":4,"segmentation":[[20.0,245.0,15.0,251.0,14.0,282.0,20.0,284.0,44.0,282.0,45.0,256.0,43.0,249.0,36.0,244.0,27.0,243.0]],"area":1123.0,"bbox":[14.0,243.0,31.0,41.0],"iscrowd":0,"attributes":{"occluded":false}},{"id":12,"image_id":2,"category_id":1,"segmentation":[[288.0,236.0,277.0,236.0,273.0,239.0,274.0,256.0,259.0,264.0,250.0,276.0,250.0,295.0,256.0,302.0,256.0,366.0,258.0,391.0,262.0,404.0,286.0,399.0,290.0,396.0,294.0,388.0,296.0,356.0,293.0,306.0,300.0,291.0,311.0,283.0,313.0,277.0,305.0,266.0,289.0,258.0,292.0,250.0,292.0,240.0]],"area":6307.0,"bbox":[250.0,236.0,63.0,168.0],"iscrowd":0,"attributes":{"occluded":false}},{"id":13,"image_id":2,"category_id":1,"segmentation":[[218.0,264.0,213.0,267.0,211.0,272.0,213.0,289.0,193.0,306.0,191.0,312.0,205.0,312.0,209.0,315.0,212.0,322.0,210.0,352.0,217.0,383.0,217.0,404.0,219.0,411.0,227.0,420.0,231.0,420.0,235.0,416.0,246.0,419.0,255.0,415.0,255.0,407.0,250.0,393.0,246.0,345.0,240.0,323.0,247.0,316.0,248.0,304.0,246.0,296.0,232.0,286.0,232.0,271.0,230.0,266.0,227.0,264.0]],"area":5123.0,"bbox":[191.0,264.0,64.0,156.0],"iscrowd":0,"attributes":{"occluded":false}},{"id":14,"image_id":2,"category_id":1,"segmentation":[[325.0,257.0,319.0,264.0,317.0,283.0,312.0,287.0,304.0,289.0,294.0,304.0,296.0,353.0,298.0,355.0,305.0,355.0,312.0,366.0,320.0,373.0,321.0,387.0,326.0,401.0,325.0,405.0,320.0,409.0,320.0,413.0,323.0,415.0,336.0,415.0,341.0,410.0,351.0,406.0,353.0,384.0,351.0,366.0,355.0,342.0,353.0,338.0,346.0,336.0,350.0,332.0,349.0,327.0,352.0,324.0,352.0,319.0,345.0,296.0,335.0,282.0,334.0,261.0,330.0,257.0]],"area":5978.0,"bbox":[294.0,257.0,61.0,158.0],"iscrowd":0,"attributes":{"occluded":false}},{"id":15,"image_id":2,"category_id":1,"segmentation":[[51.0,255.0,47.0,260.0,46.0,268.0,48.0,283.0,60.0,286.0,63.0,289.0,64.0,320.0,80.0,319.0,79.0,284.0,81.0,272.0,76.0,257.0,68.0,254.0]],"area":1513.0,"bbox":[46.0,254.0,35.0,66.0],"iscrowd":0,"attributes":{"occluded":false}},{"id":16,"image_id":3,"category_id":1,"segmentation":[[413.0,269.0,399.0,269.0,390.0,273.0,389.0,289.0,380.0,301.0,379.0,316.0,371.0,337.0,370.0,349.0,382.0,349.0,384.0,351.0,387.0,402.0,385.0,411.0,393.0,411.0,401.0,408.0,407.0,401.0,417.0,402.0,421.0,399.0,416.0,365.0,418.0,351.0,416.0,348.0,422.0,339.0,423.0,327.0,427.0,317.0,423.0,300.0,417.0,295.0,413.0,282.0,417.0,271.0]],"area":5048.0,"bbox":[370.0,269.0,57.0,142.0],"iscrowd":0,"attributes":{"occluded":false}},{"id":17,"image_id":3,"category_id":4,"segmentation":[[0.0,289.0,0.0,479.0,55.0,480.0,130.0,477.0,131.0,462.0,125.0,421.0,136.0,409.0,136.0,371.0,127.0,345.0,110.0,330.0,109.0,321.0,105.0,320.0,102.0,315.0,55.0,312.0,50.0,309.0,52.0,306.0,50.0,299.0,38.0,291.0,19.0,287.0]],"area":22348.0,"bbox":[0.0,287.0,136.0,193.0],"iscrowd":0,"attributes":{"occluded":false}},{"id":18,"image_id":4,"category_id":4,"segmentation":[[139.0,402.0,147.0,406.0,150.0,414.0,157.0,422.0,164.0,424.0,189.0,422.0,194.0,418.0,199.0,408.0,258.0,413.0,280.0,418.0,290.0,423.0,307.0,423.0,312.0,427.0,330.0,432.0,359.0,432.0,362.0,434.0,369.0,431.0,381.0,447.0,397.0,453.0,412.0,454.0,432.0,447.0,445.0,431.0,489.0,431.0,512.0,420.0,538.0,415.0,549.0,408.0,554.0,400.0,555.0,375.0,551.0,365.0,545.0,360.0,539.0,346.0,514.0,345.0,492.0,335.0,460.0,330.0,454.0,323.0,442.0,315.0,417.0,303.0,388.0,293.0,325.0,288.0,276.0,295.0,257.0,305.0,251.0,313.0,241.0,313.0,219.0,325.0,171.0,333.0,154.0,339.0,152.0,347.0,148.0,351.0,148.0,354.0,152.0,356.0,145.0,358.0,146.0,382.0]],"area":45082.0,"bbox":[139.0,288.0,416.0,166.0],"iscrowd":0,"attributes":{"occluded":false}},{"id":19,"image_id":4,"category_id":1,"segmentation":[[118.0,263.0,112.0,269.0,113.0,286.0,101.0,296.0,97.0,306.0,96.0,336.0,98.0,358.0,108.0,370.0,108.0,382.0,113.0,396.0,114.0,411.0,119.0,425.0,126.0,427.0,130.0,424.0,132.0,406.0,138.0,400.0,145.0,384.0,145.0,357.0,147.0,347.0,152.0,340.0,152.0,325.0,145.0,301.0,141.0,294.0,133.0,288.0,134.0,267.0,131.0,264.0]],"area":5874.0,"bbox":[96.0,263.0,56.0,164.0],"iscrowd":0,"attributes":{"occluded":false}},{"id":20,"image_id":5,"category_id":1,"segmentation":[[188.0,255.0,184.0,258.0,184.0,270.0,176.0,276.0,174.0,281.0,172.0,304.0,174.0,314.0,179.0,314.0,181.0,317.0,181.0,326.0,184.0,334.0,183.0,339.0,188.0,355.0,192.0,355.0,192.0,334.0,194.0,332.0,197.0,340.0,198.0,352.0,203.0,351.0,204.0,318.0,209.0,316.0,209.0,295.0,203.0,274.0,196.0,270.0,196.0,257.0]],"area":2310.0,"bbox":[172.0,255.0,37.0,100.0],"iscrowd":0,"attributes":{"occluded":false}},{"id":21,"image_id":5,"category_id":1,"segmentation":[[422.0,241.0,416.0,241.0,414.0,243.0,413.0,252.0,405.0,263.0,403.0,275.0,403.0,294.0,411.0,307.0,411.0,336.0,413.0,337.0,431.0,334.0,432.0,299.0,439.0,295.0,438.0,278.0,430.0,257.0,425.0,253.0]],"area":2296.0,"bbox":[403.0,241.0,36.0,96.0],"iscrowd":0,"attributes":{"occluded":false}},{"id":22,"image_id":5,"category_id":1,"segmentation":[[456.0,251.0,454.0,253.0,455.0,261.0,448.0,271.0,447.0,282.0,451.0,286.0,456.0,332.0,469.0,334.0,469.0,309.0,473.0,299.0,477.0,296.0,477.0,291.0,470.0,266.0,464.0,261.0,462.0,252.0]],"area":1478.0,"bbox":[447.0,251.0,30.0,83.0],"iscrowd":0,"attributes":{"occluded":false}},{"id":23,"image_id":5,"category_id":1,"segmentation":[[366.0,232.0,363.0,237.0,363.0,249.0,365.0,252.0,371.0,252.0,375.0,238.0,371.0,232.0]],"area":190.0,"bbox":[363.0,232.0,12.0,20.0],"iscrowd":0,"attributes":{"occluded":false}},{"id":24,"image_id":5,"category_id":4,"segmentation":[[94.0,305.0,77.0,298.0,70.0,298.0,36.0,305.0,30.0,310.0,18.0,306.0,0.0,309.0,0.0,480.0,39.0,480.0,43.0,478.0,46.0,473.0,49.0,452.0,58.0,440.0,86.0,419.0,121.0,409.0,128.0,375.0,128.0,360.0,123.0,346.0,123.0,340.0,120.0,336.0,112.0,332.0,108.0,334.0,103.0,333.0,98.0,326.0,97.0,309.0]],"area":16852.0,"bbox":[0.0,298.0,128.0,182.0],"iscrowd":0,"attributes":{"occluded":false}},{"id":25,"image_id":5,"category_id":4,"segmentation":[[197.0,256.0,196.0,270.0,204.0,276.0,208.0,284.0,227.0,274.0,228.0,271.0,225.0,265.0,217.0,256.0]],"area":606.0,"bbox":[196.0,256.0,32.0,28.0],"iscrowd":0,"attributes":{"occluded":false}},{"id":26,"image_id":6,"category_id":1,"segmentation":[[565.0,231.0,558.0,238.0,559.0,252.0,553.0,265.0,546.0,299.0,546.0,305.0,553.0,311.0,558.0,334.0,558.0,347.0,551.0,349.0,549.0,354.0,569.0,360.0,584.0,361.0,588.0,338.0,591.0,334.0,592.0,314.0,602.0,292.0,602.0,283.0,594.0,271.0,584.0,263.0,587.0,259.0,584.0,249.0,577.0,246.0,571.0,250.0,573.0,236.0,569.0,231.0]],"area":4560.0,"bbox":[546.0,231.0,56.0,130.0],"iscrowd":0,"attributes":{"occluded":false}},{"id":27,"image_id":7,"category_id":1,"segmentation":[[607.0,239.0,603.0,242.0,602.0,248.0,590.0,260.0,589.0,292.0,582.0,308.0,585.0,327.0,592.0,344.0,592.0,348.0,588.0,350.0,591.0,354.0,599.0,354.0,601.0,352.0,597.0,334.0,598.0,327.0,605.0,323.0,608.0,315.0,608.0,275.0,616.0,266.0,616.0,251.0]],"area":2021.0,"bbox":[582.0,239.0,34.0,115.0],"iscrowd":0,"attributes":{"occluded":false}},{"id":28,"image_id":7,"category_id":1,"segmentation":[[531.0,237.0,526.0,241.0,526.0,250.0,530.0,259.0,532.0,283.0,527.0,295.0,526.0,316.0,516.0,327.0,530.0,327.0,533.0,307.0,537.0,303.0,541.0,303.0,552.0,314.0,553.0,319.0,550.0,327.0,556.0,328.0,561.0,325.0,561.0,322.0,554.0,312.0,552.0,303.0,548.0,297.0,545.0,261.0,538.0,249.0,538.0,239.0]],"area":1372.0,"bbox":[516.0,237.0,45.0,91.0],"iscrowd":0,"attributes":{"occluded":false}},{"id":29,"image_id":7,"category_id":1,"segmentation":[[154.0,254.0,144.0,267.0,141.0,265.0,142.0,279.0,137.0,289.0,135.0,308.0,123.0,336.0,123.0,342.0,125.0,344.0,135.0,344.0,136.0,341.0,133.0,335.0,142.0,314.0,151.0,321.0,158.0,341.0,166.0,342.0,174.0,339.0,173.0,336.0,168.0,336.0,164.0,332.0,156.0,300.0,157.0,296.0,169.0,293.0,169.0,289.0,158.0,279.0,156.0,267.0,160.0,262.0,160.0,256.0]],"area":1805.0,"bbox":[123.0,254.0,51.0,90.0],"iscrowd":0,"attributes":{"occluded":false}},{"id":30,"image_id":7,"category_id":1,"segmentation":[[372.0,245.0,370.0,249.0,374.0,253.0,369.0,260.0,373.0,266.0,371.0,276.0,373.0,276.0,375.0,281.0,380.0,281.0,383.0,276.0,381.0,276.0,381.0,268.0,385.0,260.0,380.0,257.0,377.94,245.23]],"area":326.0,"bbox":[369.0,245.0,16.0,36.0],"iscrowd":0,"attributes":{"occluded":false}},{"id":31,"image_id":7,"category_id":2,"segmentation":[[187.0,249.0,180.0,251.0,175.0,266.0,174.0,291.0,178.0,294.0,185.0,294.0,187.0,292.0,188.0,279.0,192.0,272.0,192.0,263.0]],"area":603.0,"bbox":[174.0,249.0,18.0,45.0],"iscrowd":0,"attributes":{"occluded":false}},{"id":32,"image_id":7,"category_id":2,"segmentation":[[205.0,248.0,200.0,248.0,196.0,252.0,188.0,272.0,182.0,274.0,178.0,269.0,175.0,280.0,175.0,290.0,187.0,298.0,189.0,309.0,196.0,312.0,197.0,319.0,192.0,323.0,188.0,331.0,188.0,337.0,192.0,337.0,195.0,330.0,200.0,327.0,206.0,327.0,207.0,334.0,209.0,335.0,211.0,326.0,207.0,318.0,199.0,312.0,201.0,306.0,218.0,304.0,227.0,299.0,224.0,280.0,216.0,271.0,216.0,264.0,209.0,250.0]],"area":2283.0,"bbox":[175.0,248.0,52.0,89.0],"iscrowd":0,"attributes":{"occluded":false}},{"id":33,"image_id":7,"category_id":3,"segmentation":[[442.0,236.0,439.0,238.0,435.0,236.0,433.0,239.0,429.0,236.0,426.0,238.0,421.0,237.0,415.0,240.0,415.0,243.0,397.0,269.0,394.0,276.0,396.0,281.0,386.0,284.0,380.0,293.0,380.0,301.0,384.0,306.0,442.0,304.0,449.0,293.0,454.0,291.0,454.0,269.0,451.0,257.0,447.0,253.0,444.0,244.0,435.0,244.0,443.0,240.0]],"area":3567.0,"bbox":[380.0,236.0,74.0,70.0],"iscrowd":0,"attributes":{"occluded":false}},{"id":34,"image_id":7,"category_id":4,"segmentation":[[258.0,251.0,252.0,248.0,228.0,251.0,223.0,256.0,218.0,265.0,218.0,272.0,224.0,280.0,227.0,291.0,259.0,288.0,267.0,284.0,267.0,266.0]],"area":1687.0,"bbox":[218.0,248.0,49.0,43.0],"iscrowd":0,"attributes":{"occluded":false}},{"id":35,"image_id":7,"category_id":4,"segmentation":[[307.0,256.0,299.0,245.0,288.0,244.0,277.0,246.0,269.0,258.0,269.0,271.0,302.0,270.0,307.0,265.0]],"area":858.0,"bbox":[269.0,244.0,38.0,27.0],"iscrowd":0,"attributes":{"occluded":false}},{"id":36,"image_id":7,"category_id":4,"segmentation":[[320.0,253.0,321.0,272.0,359.0,271.0,359.0,256.0,344.0,243.0,326.0,244.0,326.0,248.0]],"area":952.0,"bbox":[320.0,243.0,39.0,29.0],"iscrowd":0,"attributes":{"occluded":false}},{"id":37,"image_id":7,"category_id":4,"segmentation":[[404.0,238.0,407.0,247.0,405.0,249.0,403.0,263.0,396.0,267.0,392.0,266.0,393.0,268.0,389.0,270.0,389.0,256.0,386.0,254.0,390.0,244.0,398.0,238.0]],"area":423.0,"bbox":[386.0,238.0,21.0,32.0],"iscrowd":0,"attributes":{"occluded":false}},{"id":38,"image_id":7,"category_id":1,"segmentation":[[78.0,254.0,71.0,266.0,73.0,288.0,80.0,290.0,83.0,295.0,87.0,295.0,88.0,271.0,83.0,254.0]],"area":515.0,"bbox":[71.0,254.0,17.0,41.0],"iscrowd":0,"attributes":{"occluded":false}},{"id":39,"image_id":8,"category_id":1,"segmentation":[[556.0,248.0,551.0,252.0,550.0,256.0,553.0,268.0,547.0,271.0,542.0,279.0,541.0,296.0,544.0,303.0,544.0,330.0,541.0,340.0,540.0,367.0,542.0,372.0,548.0,372.0,553.0,369.0,558.0,384.0,562.0,385.0,566.0,374.0,574.0,364.0,574.0,335.0,580.0,324.0,580.0,320.0,574.0,315.0,578.0,312.0,582.0,317.0,586.0,310.0,587.0,297.0,585.0,288.0,576.0,269.0,568.0,265.0,567.0,252.0,564.0,249.0]],"area":4171.0,"bbox":[540.0,248.0,47.0,137.0],"iscrowd":0,"attributes":{"occluded":false}},{"id":40,"image_id":8,"category_id":1,"segmentation":[[472.0,256.0,466.0,257.0,461.0,263.0,461.0,284.0,448.0,296.0,444.0,314.0,431.0,320.0,432.0,325.0,445.0,329.0,448.0,335.0,448.0,341.0,437.0,367.0,433.0,401.0,426.0,411.0,428.0,416.0,437.0,419.0,444.0,419.0,446.0,416.0,451.0,382.0,455.0,374.0,460.0,372.0,460.0,370.0,456.0,369.0,456.0,366.0,461.0,359.0,465.0,366.0,463.0,367.0,463.0,372.0,466.0,370.0,465.0,367.0,470.0,365.0,470.0,361.0,465.0,357.0,470.0,355.0,471.0,351.0,472.0,359.0,475.0,361.0,473.0,364.0,482.0,362.0,485.0,359.0,485.0,354.0,491.0,351.0,502.0,351.0,504.0,360.0,509.0,360.0,507.0,354.0,504.0,352.0,504.0,347.0,508.0,342.0,509.0,317.0,507.0,302.0,499.0,295.0,498.0,290.0,494.0,286.0,484.0,281.0,483.0,265.0,478.0,258.0]],"area":6113.0,"bbox":[426.0,256.0,83.0,163.0],"iscrowd":0,"attributes":{"occluded":false}},{"id":41,"image_id":8,"category_id":2,"segmentation":[[467.0,349.0,461.0,352.0,457.0,359.0,450.0,388.0,452.0,402.0,456.0,411.0,468.0,422.0,479.0,424.0,484.0,435.0,489.0,437.0,495.0,436.0,500.0,428.0,501.0,416.0,509.0,412.0,526.0,395.0,527.0,384.0,520.0,379.0,510.0,379.0,511.0,363.0,507.0,352.0,503.0,348.0,484.0,347.0]],"area":4571.0,"bbox":[450.0,347.0,77.0,90.0],"iscrowd":0,"attributes":{"occluded":false}},{"id":42,"image_id":8,"category_id":1,"segmentation":[[179.0,251.0,174.0,267.0,173.0,292.0,182.0,299.0,180.0,306.0,180.0,324.0,184.0,333.0,194.0,341.0,207.0,340.0,230.0,334.0,230.0,325.0,216.0,311.0,216.0,261.0,212.0,250.0,202.0,249.0,195.0,254.0,192.0,254.0,186.0,249.0]],"area":3597.0,"bbox":[173.0,249.0,57.0,92.0],"iscrowd":0,"attributes":{"occluded":false}},{"id":43,"image_id":8,"category_id":4,"segmentation":[[216.0,266.0,216.0,287.0,218.0,291.0,237.0,288.0,259.0,288.0,266.0,283.0,264.0,259.0,257.0,250.0,230.0,251.0,225.0,256.0,224.0,261.0]],"area":1695.0,"bbox":[216.0,250.0,50.0,41.0],"iscrowd":0,"attributes":{"occluded":false}},{"id":44,"image_id":8,"category_id":4,"segmentation":[[250.0,248.0,256.0,250.0,262.0,256.0,265.0,263.0,267.0,279.0,274.0,280.0,280.0,274.0,279.0,265.0,276.0,264.0,272.0,249.0,270.0,247.0]],"area":410.0,"bbox":[250.0,247.0,30.0,33.0],"iscrowd":0,"attributes":{"occluded":false}},{"id":45,"image_id":8,"category_id":4,"segmentation":[[275.0,248.0,275.0,256.0,279.0,260.0,280.0,269.0,283.0,274.0,307.0,272.0,307.0,261.0,299.0,246.0,290.0,245.0]],"area":728.0,"bbox":[275.0,245.0,32.0,29.0],"iscrowd":0,"attributes":{"occluded":false}},{"id":46,"image_id":8,"category_id":4,"segmentation":[[331.0,247.0,325.0,260.0,327.0,276.0,364.0,275.0,365.0,263.0,358.0,245.0,335.0,244.0]],"area":1096.0,"bbox":[325.0,244.0,40.0,32.0],"iscrowd":0,"attributes":{"occluded":false}},{"id":47,"image_id":8,"category_id":4,"segmentation":[[359.0,240.0,358.0,244.0,365.0,262.0,382.0,260.0,382.0,249.0,375.0,240.0]],"area":414.0,"bbox":[358.0,240.0,24.0,22.0],"iscrowd":0,"attributes":{"occluded":false}},{"id":48,"image_id":8,"category_id":4,"segmentation":[[410.0,248.0,399.0,266.0,398.0,288.0,408.0,294.0,442.0,294.0,449.0,292.0,452.0,287.0,452.0,275.0,444.0,252.0,437.0,248.0]],"area":2168.0,"bbox":[398.0,248.0,54.0,46.0],"iscrowd":0,"attributes":{"occluded":false}},{"id":49,"image_id":8,"category_id":4,"segmentation":[[411.0,242.0,411.0,247.0,425.0,247.0,428.0,244.0,428.0,240.0,423.0,237.0,416.0,237.0]],"area":147.0,"bbox":[411.0,237.0,17.0,10.0],"iscrowd":0,"attributes":{"occluded":false}},{"id":50,"image_id":8,"category_id":4,"segmentation":[[394.0,238.0,386.0,239.0,382.0,246.0,383.0,254.0,386.0,258.0,393.0,254.0,395.0,245.0]],"area":190.0,"bbox":[382.0,238.0,13.0,20.0],"iscrowd":0,"attributes":{"occluded":false}},{"id":51,"image_id":8,"category_id":1,"segmentation":[[640.0,293.0,635.0,298.0,635.0,305.0,624.0,311.0,618.0,318.0,609.0,337.0,609.0,341.0,590.0,366.0,591.0,370.0,599.0,377.0,604.0,389.0,604.0,394.0,596.0,410.0,596.0,428.0,598.0,434.0,593.0,448.0,593.0,478.0,597.0,480.0,604.0,478.0,609.0,469.0,610.0,455.0,613.0,442.0,617.0,439.0,616.0,437.0,623.0,434.0,626.0,429.0,625.0,426.0,631.0,420.0,634.0,420.0,635.0,415.0,638.0,416.0,640.0,421.0]],"area":5276.0,"bbox":[590.0,293.0,50.0,187.0],"iscrowd":0,"attributes":{"occluded":false}},{"id":52,"image_id":9,"category_id":1,"segmentation":[[388.0,270.0,382.0,270.0,379.0,267.0,373.0,266.0,366.0,271.0,355.0,271.0,353.0,294.0,355.0,301.0,361.0,307.0,362.0,314.0,366.0,317.0,365.0,323.0,358.0,329.0,351.0,329.0,340.0,335.0,324.0,354.0,294.0,366.0,296.0,375.0,301.0,378.0,320.0,380.0,327.0,386.0,328.0,391.0,323.0,395.0,304.0,395.0,297.0,400.0,297.0,421.0,294.0,429.0,294.0,438.0,300.0,458.0,302.0,477.0,312.0,480.0,330.0,480.0,334.0,476.0,343.0,480.0,364.0,480.0,365.0,478.0,377.0,478.0,379.0,480.0,380.0,478.0,386.0,477.0,400.0,478.0,408.0,472.0,408.0,477.0,420.0,477.0,419.0,450.0,422.0,444.0,420.0,441.0,421.0,433.0,419.0,431.0,410.0,431.0,408.0,434.0,401.0,432.0,400.0,434.0,382.0,435.0,380.0,433.0,382.0,430.0,400.0,430.0,400.0,427.0,393.0,425.0,384.0,426.0,381.0,423.0,399.0,424.0,402.0,421.0,408.0,420.0,409.0,390.0,412.0,386.0,420.0,384.0,423.0,370.0,421.0,345.0,417.0,334.0,410.0,327.0,396.0,319.0,391.0,313.0,391.0,307.0,396.0,300.0,398.0,291.0,395.0,275.0]],"area":18356.0,"bbox":[294.0,266.0,129.0,214.0],"iscrowd":0,"attributes":{"occluded":false}},{"id":53,"image_id":9,"category_id":1,"segmentation":[[550.0,248.0,547.0,253.0,547.0,266.0,541.0,272.0,535.0,288.0,542.0,298.0,546.0,328.0,543.0,344.0,543.0,375.0,552.0,375.0,551.0,362.0,554.0,356.0,558.0,377.0,560.0,380.0,565.0,380.0,569.0,362.0,572.0,322.0,574.0,318.0,584.0,314.0,584.0,296.0,575.0,271.0,570.0,266.0,565.0,266.0,562.0,263.0,562.0,251.0,559.0,248.0]],"area":3777.0,"bbox":[535.0,248.0,49.0,132.0],"iscrowd":0,"attributes":{"occluded":false}},{"id":54,"image_id":9,"category_id":1,"segmentation":[[475.0,256.0,466.0,259.0,463.0,263.0,461.0,270.0,463.0,283.0,449.0,296.0,445.0,315.0,433.0,319.0,434.0,325.0,446.0,331.0,447.0,345.0,438.0,370.0,434.0,402.0,426.0,412.0,429.0,417.0,445.0,417.0,448.0,395.0,451.0,392.0,453.0,398.0,455.0,398.0,455.0,376.0,461.0,372.0,467.0,374.0,466.0,376.0,462.0,376.0,461.0,387.0,463.0,389.0,470.0,386.0,469.0,380.0,471.0,375.0,473.0,380.0,477.0,380.0,478.0,389.0,490.0,387.0,490.0,381.0,499.0,378.0,503.0,370.0,505.0,371.0,503.0,374.0,505.0,383.0,509.0,380.0,511.0,365.0,509.0,356.0,504.0,351.0,504.0,347.0,509.0,341.0,509.0,305.0,500.0,295.0,499.0,289.0,489.0,283.0,487.0,279.0,487.0,268.0,484.0,262.0]],"area":7346.0,"bbox":[426.0,256.0,85.0,161.0],"iscrowd":0,"attributes":{"occluded":false}},{"id":55,"image_id":9,"category_id":2,"segmentation":[[465.0,349.0,456.0,356.0,455.0,375.0,451.0,386.0,453.0,405.0,456.0,411.0,468.0,423.0,478.0,424.0,486.0,436.0,492.0,437.0,497.0,435.0,500.0,430.0,501.0,417.0,514.0,408.0,526.0,395.0,527.0,384.0,522.0,380.0,510.0,380.0,512.0,366.0,509.0,355.0,502.0,346.0]],"area":4600.0,"bbox":[451.0,346.0,76.0,91.0],"iscrowd":0,"attributes":{"occluded":false}},{"id":56,"image_id":9,"category_id":1,"segmentation":[[338.0,247.0,330.0,249.0,322.0,266.0,322.0,287.0,319.0,294.0,318.0,306.0,321.0,314.0,321.0,326.0,324.0,328.0,338.0,328.0,342.0,326.0,340.0,315.0,342.0,296.0,340.0,292.0,341.0,281.0,338.0,266.0,342.0,253.0]],"area":1484.0,"bbox":[318.0,247.0,24.0,81.0],"iscrowd":0,"attributes":{"occluded":false}},{"id":57,"image_id":9,"category_id":1,"segmentation":[[187.0,249.0,180.0,251.0,175.0,263.0,175.0,294.0,187.0,293.0,191.0,288.0,192.0,264.0]],"area":645.0,"bbox":[175.0,249.0,17.0,45.0],"iscrowd":0,"attributes":{"occluded":false}},{"id":58,"image_id":9,"category_id":1,"segmentation":[[21.0,254.0,14.0,264.0,14.0,275.0,18.0,297.0,20.0,299.0,27.0,299.0,31.0,293.0,31.0,264.0,27.0,257.0]],"area":629.0,"bbox":[14.0,254.0,17.0,45.0],"iscrowd":0,"attributes":{"occluded":false}},{"id":59,"image_id":9,"category_id":1,"segmentation":[[3.0,260.0,0.0,262.0,0.0,307.0,3.0,317.0,7.0,319.0,12.0,306.0,14.0,275.0,8.0,262.0]],"area":653.0,"bbox":[0.0,260.0,14.0,59.0],"iscrowd":0,"attributes":{"occluded":false}},{"id":60,"image_id":9,"category_id":4,"segmentation":[[259.0,252.0,256.0,250.0,236.0,250.0,225.0,253.0,221.0,261.0,213.0,268.0,213.0,289.0,261.0,287.0,264.0,282.0,263.0,260.0]],"area":1720.0,"bbox":[213.0,250.0,51.0,39.0],"iscrowd":0,"attributes":{"occluded":false}},{"id":61,"image_id":9,"category_id":4,"segmentation":[[250.0,248.0,256.0,250.0,262.0,257.0,263.0,273.0,266.0,281.0,275.0,280.0,279.0,275.0,279.0,267.0,270.0,247.0]],"area":481.0,"bbox":[250.0,247.0,29.0,34.0],"iscrowd":0,"attributes":{"occluded":false}},{"id":62,"image_id":9,"category_id":4,"segmentation":[[275.0,248.0,275.0,257.0,281.0,273.0,292.0,274.0,305.0,273.0,307.0,271.0,306.0,258.0,298.0,245.0,278.0,246.0]],"area":770.0,"bbox":[275.0,245.0,32.0,29.0],"iscrowd":0,"attributes":{"occluded":false}},{"id":63,"image_id":9,"category_id":4,"segmentation":[[398.0,272.0,398.0,288.0,400.0,291.0,409.0,295.0,450.0,293.0,453.0,291.0,453.0,268.0,444.0,251.0,412.0,249.0]],"area":2165.0,"bbox":[398.0,249.0,55.0,46.0],"iscrowd":0,"attributes":{"occluded":false}},{"id":64,"image_id":9,"category_id":4,"segmentation":[[357.0,242.0,353.0,254.0,356.0,263.0,366.0,266.0,384.0,265.0,388.0,266.0,391.0,270.0,393.0,269.0,393.0,248.0,385.0,240.0,361.0,239.0]],"area":955.0,"bbox":[353.0,239.0,40.0,31.0],"iscrowd":0,"attributes":{"occluded":false}},{"id":65,"image_id":9,"category_id":4,"segmentation":[[389.0,238.0,387.0,242.0,393.0,249.0,396.0,263.0,399.0,264.0,405.0,255.0,406.0,245.0,400.0,238.0]],"area":291.0,"bbox":[387.0,238.0,19.0,26.0],"iscrowd":0,"attributes":{"occluded":false}},{"id":66,"image_id":9,"category_id":4,"segmentation":[[415.0,239.0,407.0,251.0,398.0,271.0,398.0,288.0,400.0,292.0,407.0,295.0,449.0,294.0,454.0,289.0,454.0,271.0,445.0,248.0,437.0,245.0,431.0,246.0,423.0,238.0]],"area":2530.0,"bbox":[398.0,238.0,56.0,57.0],"iscrowd":0,"attributes":{"occluded":false}},{"id":67,"image_id":10,"category_id":4,"segmentation":[[0.0,313.0,0.0,479.0,107.0,480.0,113.0,478.0,115.0,466.0,110.0,421.0,97.0,400.0,90.0,378.0,85.0,372.0,62.0,327.0,46.0,313.0]],"area":15425.0,"bbox":[0.0,313.0,115.0,167.0],"iscrowd":0,"attributes":{"occluded":false}},{"id":68,"image_id":10,"category_id":4,"segmentation":[[2.0,293.0,3.0,296.0,0.0,297.0,0.0,312.0,45.0,312.0,54.0,319.0,62.0,322.0,78.0,357.0,83.0,362.0,88.0,363.0,101.0,360.0,101.0,352.0,99.0,349.0,101.0,348.0,100.0,327.0,82.0,298.0,74.0,290.0,63.0,287.0,37.0,286.0]],"area":3521.0,"bbox":[0.0,286.0,101.0,77.0],"iscrowd":0,"attributes":{"occluded":false}},{"id":69,"image_id":10,"category_id":4,"segmentation":[[63.0,284.0,64.0,287.0,72.0,288.0,84.0,297.0,88.0,309.0,103.0,329.0,122.0,326.0,124.0,317.0,123.0,304.0,117.0,294.0,116.0,283.0,111.0,266.0,108.0,263.0,99.0,262.0,92.0,264.0,80.0,277.0,66.0,281.0]],"area":2200.0,"bbox":[63.0,262.0,61.0,67.0],"iscrowd":0,"attributes":{"occluded":false}},{"id":70,"image_id":10,"category_id":4,"segmentation":[[198.0,329.0,197.0,363.0,199.0,368.0,205.0,373.0,207.0,394.0,218.0,402.0,238.0,406.0,262.0,405.0,271.0,389.0,271.0,379.0,279.0,372.0,283.0,373.0,288.0,370.0,298.0,370.0,303.0,380.0,309.0,379.0,311.0,381.0,310.0,387.0,312.0,387.0,313.0,380.0,318.0,384.0,315.0,387.0,329.0,380.0,330.0,368.0,322.0,341.0,322.0,323.0,315.0,316.0,313.0,305.0,307.0,302.0,300.0,292.0,292.0,286.0,257.0,282.0,230.0,286.0,215.0,302.0]],"area":12087.0,"bbox":[197.0,282.0,133.0,124.0],"iscrowd":0,"attributes":{"occluded":false}},{"id":71,"image_id":10,"category_id":1,"segmentation":[[144.0,271.0,142.0,280.0,138.0,286.0,138.0,303.0,134.0,313.0,133.0,325.0,142.0,333.0,153.0,335.0,161.0,331.0,162.0,321.0,158.0,314.0,157.0,290.0,151.0,277.0,145.0,276.0,149.0,274.0,149.0,271.0]],"area":1204.0,"bbox":[133.0,271.0,29.0,64.0],"iscrowd":0,"attributes":{"occluded":false}},{"id":72,"image_id":10,"category_id":1,"segmentation":[[510.0,254.0,506.0,259.0,508.0,273.0,495.0,286.0,495.0,300.0,502.0,313.0,506.0,332.0,506.0,380.0,510.0,385.0,516.0,385.0,518.0,381.0,513.0,378.0,513.0,361.0,516.0,354.0,525.0,360.0,528.0,379.0,531.0,382.0,538.0,382.0,538.0,379.0,533.0,370.0,534.0,350.0,529.0,339.0,529.0,333.0,532.0,327.0,531.0,297.0,527.0,278.0,522.0,274.0,524.0,262.0,518.0,254.0]],"area":3099.0,"bbox":[495.0,254.0,43.0,131.0],"iscrowd":0,"attributes":{"occluded":false}},{"id":73,"image_id":10,"category_id":1,"segmentation":[[432.0,271.0,426.0,271.0,418.0,277.0,418.0,288.0,420.0,295.0,424.0,297.0,424.0,301.0,419.0,310.0,402.0,326.0,404.0,330.0,418.0,331.0,423.0,344.0,423.0,349.0,418.0,356.0,412.0,375.0,411.0,406.0,407.0,417.0,408.0,421.0,422.0,418.0,428.0,412.0,426.0,389.0,433.0,364.0,441.0,352.0,455.0,344.0,448.0,300.0,438.0,293.0,436.0,289.0,437.0,273.0]],"area":3469.0,"bbox":[402.0,271.0,53.0,150.0],"iscrowd":0,"attributes":{"occluded":false}},{"id":74,"image_id":10,"category_id":1,"segmentation":[[584.0,256.0,579.0,257.0,576.0,260.0,576.0,268.0,567.0,273.0,564.0,279.0,564.0,285.0,571.0,289.0,587.0,287.0,587.0,258.0]],"area":528.0,"bbox":[564.0,256.0,23.0,33.0],"iscrowd":0,"attributes":{"occluded":false}},{"id":75,"image_id":10,"category_id":4,"segmentation":[[195.0,261.0,179.0,262.0,175.0,268.0,165.0,271.0,168.0,280.0,168.0,289.0,173.0,295.0,182.0,295.0,188.0,292.0,188.0,274.0,195.0,269.0]],"area":661.0,"bbox":[165.0,261.0,30.0,34.0],"iscrowd":0,"attributes":{"occluded":false}},{"id":76,"image_id":10,"category_id":4,"segmentation":[[154.0,261.0,150.0,263.0,153.0,282.0,158.0,287.0,163.0,287.0,168.0,282.0,165.0,272.0,170.0,270.0,171.0,266.0,160.0,261.0]],"area":372.0,"bbox":[150.0,261.0,21.0,26.0],"iscrowd":0,"attributes":{"occluded":false}},{"id":77,"image_id":10,"category_id":2,"segmentation":[[440.0,291.0,440.0,294.0,448.0,302.0,451.0,334.0,455.0,343.0,439.0,352.0,432.0,361.0,426.0,377.0,427.0,381.0,424.0,394.0,421.0,393.0,423.0,395.0,421.0,400.0,419.0,401.0,416.0,398.0,417.0,387.0,415.0,384.0,413.0,385.0,414.0,399.0,408.0,420.0,412.0,421.0,430.0,413.0,447.0,420.0,452.0,420.0,465.0,430.0,473.0,430.0,479.0,424.0,482.0,411.0,496.0,399.0,500.0,388.0,494.0,380.0,482.0,373.0,482.0,346.0,479.0,343.0,481.0,321.0,475.0,300.0,456.0,291.0,448.0,293.0]],"area":6284.0,"bbox":[408.0,291.0,92.0,139.0],"iscrowd":0,"attributes":{"occluded":false}},{"id":78,"image_id":11,"category_id":1,"segmentation":[[331.0,265.0,323.0,270.0,323.0,279.0,326.0,281.0,326.0,285.0,317.0,292.0,308.0,307.0,310.0,313.0,316.0,317.0,309.0,322.0,308.0,329.0,316.0,349.0,318.0,368.0,315.0,372.0,318.0,379.0,328.0,392.0,335.0,395.0,337.0,406.0,348.0,408.0,351.0,397.0,351.0,376.0,357.0,369.0,361.0,358.0,360.0,316.0,362.0,309.0,353.0,290.0,342.0,283.0,344.0,277.0,343.0,270.0,338.0,266.0]],"area":5114.0,"bbox":[308.0,265.0,54.0,143.0],"iscrowd":0,"attributes":{"occluded":false}},{"id":79,"image_id":11,"category_id":1,"segmentation":[[401.0,257.0,396.0,257.0,391.0,261.0,390.0,269.0,392.0,276.0,386.0,280.0,379.0,291.0,377.0,299.0,374.0,300.0,380.0,301.0,385.0,305.0,379.0,316.0,378.0,347.0,374.0,355.0,375.0,359.0,385.0,356.0,386.0,337.0,390.0,333.0,396.0,335.0,398.0,340.0,403.0,344.0,408.0,344.0,416.0,340.0,418.0,324.0,414.0,309.0,418.0,297.0,419.0,284.0,406.0,276.0,408.0,264.0]],"area":2706.0,"bbox":[374.0,257.0,45.0,102.0],"iscrowd":0,"attributes":{"occluded":false}},{"id":80,"image_id":11,"category_id":2,"segmentation":[[395.0,258.0,391.0,262.0,392.0,276.0,384.0,283.0,378.0,293.0,378.0,297.0,374.0,300.0,384.0,304.0,378.0,320.0,377.0,350.0,374.0,358.0,385.0,357.0,388.0,350.0,388.0,338.0,391.0,335.0,394.0,337.0,394.0,344.0,391.0,346.0,391.0,357.0,393.0,360.0,399.0,360.0,403.0,370.0,407.0,371.0,412.0,358.0,412.0,346.0,416.0,342.0,418.0,322.0,414.0,310.0,418.0,297.0,419.0,284.0,405.0,276.0,407.0,271.0,405.0,259.0]],"area":3232.0,"bbox":[374.0,258.0,45.0,113.0],"iscrowd":0,"attributes":{"occluded":false}},{"id":81,"image_id":11,"category_id":4,"segmentation":[[342.0,260.0,332.0,255.0,308.0,255.0,291.0,259.0,287.0,264.0,285.0,272.0,279.0,278.0,278.0,320.0,280.0,322.0,287.0,322.0,289.0,316.0,301.0,315.0,306.0,311.0,313.0,296.0,323.0,286.0,321.0,281.0,322.0,270.0,328.0,264.0,337.0,264.0,343.0,268.0]],"area":2335.0,"bbox":[278.0,255.0,65.0,67.0],"iscrowd":0,"attributes":{"occluded":false}},{"id":82,"image_id":11,"category_id":6,"segmentation":[[0.0,127.0,0.0,368.0,160.0,372.0,172.0,366.0,189.0,363.0,194.0,356.0,196.0,360.0,198.0,357.0,203.0,361.0,204.0,348.0,208.0,341.0,213.0,340.0,216.0,335.0,234.0,321.0,244.0,297.0,242.0,269.0,245.0,249.0,245.0,225.0,241.0,205.0,225.0,190.0,139.0,126.0,124.0,124.0,60.0,123.0]],"area":53623.0,"bbox":[0.0,123.0,245.0,249.0],"iscrowd":0,"attributes":{"occluded":false}},{"id":83,"image_id":12,"category_id":6,"segmentation":[[57.0,174.0,53.0,224.0,53.0,274.0,57.0,313.0,69.0,315.0,69.0,319.0,71.0,321.0,74.0,320.0,76.0,323.0,94.0,323.0,98.0,328.0,117.0,332.0,167.0,331.0,214.0,334.0,224.0,333.0,228.0,330.0,233.0,317.0,246.0,307.0,253.0,295.0,252.0,234.0,250.0,218.0,246.0,212.0,214.0,185.0,190.0,170.0,142.0,167.0,128.0,168.0,125.0,172.0,120.0,168.0,72.0,170.0]],"area":29746.0,"bbox":[53.0,167.0,200.0,167.0],"iscrowd":0,"attributes":{"occluded":false}},{"id":84,"image_id":12,"category_id":7,"segmentation":[[315.0,261.0,312.0,265.0,312.0,271.0,304.0,280.0,304.0,288.0,309.0,291.0,302.0,296.0,307.0,311.0,307.0,324.0,309.0,330.0,313.0,333.0,329.0,333.0,336.0,328.0,336.0,318.0,332.0,305.0,335.0,285.0,329.0,274.0,324.0,271.0,323.0,262.0]],"area":1779.0,"bbox":[302.0,261.0,34.0,72.0],"iscrowd":0,"attributes":{"occluded":false}},{"id":85,"image_id":12,"category_id":7,"segmentation":[[348.0,263.0,344.0,266.0,341.0,275.0,345.0,308.0,349.0,314.0,363.0,314.0,368.0,308.0,363.0,291.0,363.0,281.0,365.0,278.0,364.0,268.0,359.0,263.0]],"area":1064.0,"bbox":[341.0,263.0,27.0,51.0],"iscrowd":0,"attributes":{"occluded":false}},{"id":86,"image_id":12,"category_id":4,"segmentation":[[321.0,256.0,309.0,254.0,289.0,255.0,287.0,253.0,282.0,255.0,279.0,260.0,281.0,301.0,286.0,298.0,289.0,292.0,294.0,292.0,303.0,286.0,304.0,278.0,311.0,271.0,313.0,263.0,322.0,260.0]],"area":1133.0,"bbox":[279.0,253.0,43.0,48.0],"iscrowd":0,"attributes":{"occluded":false}},{"id":87,"image_id":12,"category_id":7,"segmentation":[[462.0,251.0,460.0,256.0,460.0,271.0,466.0,274.0,473.0,274.0,475.0,264.0,465.0,251.0]],"area":256.0,"bbox":[460.0,251.0,15.0,23.0],"iscrowd":0,"attributes":{"occluded":false}},{"id":88,"image_id":13,"category_id":6,"segmentation":[[248.0,214.0,197.0,171.0,187.0,166.0,144.0,163.0,83.0,165.0,54.0,169.0,50.0,182.0,47.0,231.0,49.0,310.0,56.0,316.0,54.0,321.0,49.0,322.0,51.0,330.0,67.0,334.0,125.0,334.0,129.0,336.0,179.0,333.0,207.0,335.0,224.0,332.0,228.0,322.0,243.0,310.0,251.0,295.0,251.0,227.0]],"area":31976.0,"bbox":[47.0,163.0,204.0,173.0],"iscrowd":0,"attributes":{"occluded":false}},{"id":89,"image_id":13,"category_id":7,"segmentation":[[329.0,266.0,319.0,266.0,314.0,269.0,312.0,279.0,315.0,283.0,311.0,287.0,311.0,290.0,316.0,300.0,317.0,312.0,320.0,318.0,329.0,315.0,335.0,304.0,338.0,291.0,338.0,275.0]],"area":1052.0,"bbox":[311.0,266.0,27.0,52.0],"iscrowd":0,"attributes":{"occluded":false}},{"id":90,"image_id":13,"category_id":7,"segmentation":[[349.0,263.0,344.0,267.0,344.0,275.0,342.0,278.0,343.0,294.0,347.0,301.0,353.0,301.0,360.0,288.0,361.0,277.0,357.0,265.0]],"area":553.0,"bbox":[342.0,263.0,19.0,38.0],"iscrowd":0,"attributes":{"occluded":false}},{"id":91,"image_id":13,"category_id":7,"segmentation":[[471.0,252.0,470.0,259.0,464.0,267.0,466.0,274.0,474.0,279.0,486.0,279.0,486.0,269.0,478.0,262.0,476.0,254.0]],"area":364.0,"bbox":[464.0,252.0,22.0,27.0],"iscrowd":0,"attributes":{"occluded":false}},{"id":92,"image_id":13,"category_id":4,"segmentation":[[316.0,255.0,302.0,254.0,288.0,255.0,286.0,257.0,282.0,277.0,279.0,278.0,279.0,284.0,281.0,282.0,284.0,286.0,280.0,288.0,281.0,292.0,284.0,289.0,302.0,288.0,305.0,286.0,308.0,291.0,304.0,294.0,307.0,296.0,311.0,294.0,309.0,289.0,313.0,284.0,311.0,276.0,316.0,266.0]],"area":1066.0,"bbox":[279.0,254.0,37.0,42.0],"iscrowd":0,"attributes":{"occluded":false}},{"id":93,"image_id":14,"category_id":4,"segmentation":[[126.0,309.0,109.0,294.0,88.0,283.0,36.0,284.0,16.0,288.0,12.0,292.0,6.0,293.0,6.0,296.0,0.0,302.0,0.0,386.0,45.0,385.0,65.0,382.0,71.0,385.0,74.0,390.0,80.0,387.0,83.0,371.0,88.0,365.0,94.0,364.0,113.0,354.0,117.0,354.0,123.0,358.0,128.0,354.0,130.0,327.0]],"area":11191.0,"bbox":[0.0,283.0,130.0,107.0],"iscrowd":0,"attributes":{"occluded":false}},{"id":94,"image_id":14,"category_id":4,"segmentation":[[117.0,274.0,108.0,292.0,127.0,310.0,130.0,326.0,133.0,330.0,170.0,329.0,174.0,330.0,177.0,336.0,183.0,337.0,188.0,335.0,191.0,323.0,200.0,323.0,201.0,315.0,198.0,295.0,182.0,263.0,156.0,262.0,137.0,264.0,124.0,268.0]],"area":4973.0,"bbox":[108.0,262.0,93.0,75.0],"iscrowd":0,"attributes":{"occluded":false}},{"id":95,"image_id":14,"category_id":5,"segmentation":[[160.0,232.0,157.0,236.0,157.0,255.0,160.0,256.0,162.0,261.0,179.0,262.0,187.0,269.0,200.0,302.0,217.0,303.0,222.0,301.0,231.0,292.0,233.0,282.0,231.0,250.0,224.0,237.0,210.0,229.0]],"area":3725.0,"bbox":[157.0,229.0,76.0,74.0],"iscrowd":0,"attributes":{"occluded":false}},{"id":96,"image_id":14,"category_id":4,"segmentation":[[233.0,256.0,232.0,270.0,235.0,284.0,249.0,281.0,250.0,272.0,244.0,258.0,241.0,256.0]],"area":391.0,"bbox":[232.0,256.0,18.0,28.0],"iscrowd":0,"attributes":{"occluded":false}},{"id":97,"image_id":14,"category_id":4,"segmentation":[[243.0,256.0,252.0,277.0,258.0,278.0,266.0,271.0,268.0,263.0,266.0,259.0,258.0,256.0]],"area":369.0,"bbox":[243.0,256.0,25.0,22.0],"iscrowd":0,"attributes":{"occluded":false}},{"id":98,"image_id":14,"category_id":4,"segmentation":[[298.0,255.0,296.0,259.0,297.0,279.0,320.0,278.0,322.0,265.0,319.0,256.0,316.0,253.0]],"area":590.0,"bbox":[296.0,253.0,26.0,26.0],"iscrowd":0,"attributes":{"occluded":false}},{"id":99,"image_id":14,"category_id":7,"segmentation":[[331.0,254.0,328.0,268.0,322.0,274.0,321.0,290.0,326.0,302.0,326.0,311.0,330.0,315.0,337.0,315.0,344.0,300.0,350.0,296.0,355.0,288.0,353.0,267.0,349.0,259.0,344.0,255.0,338.0,256.0]],"area":1436.0,"bbox":[321.0,254.0,34.0,61.0],"iscrowd":0,"attributes":{"occluded":false}},{"id":100,"image_id":14,"category_id":4,"segmentation":[[77.0,278.0,79.0,281.0,98.0,287.0,101.0,286.0,100.0,277.0,83.0,276.0]],"area":171.0,"bbox":[77.0,276.0,24.0,11.0],"iscrowd":0,"attributes":{"occluded":false}},{"id":101,"image_id":15,"category_id":4,"segmentation":[[128.0,267.0,119.0,263.0,89.0,264.0,65.0,268.0,54.0,273.0,27.0,308.0,25.0,315.0,25.0,339.0,28.0,345.0,36.0,350.0,43.0,348.0,51.0,342.0,99.0,337.0,103.0,339.0,106.0,345.0,115.0,345.0,119.0,340.0,121.0,326.0,135.0,320.0,137.0,326.0,144.0,329.0,146.0,326.0,144.0,302.0,138.0,283.0,130.0,273.0]],"area":7678.0,"bbox":[25.0,263.0,121.0,87.0],"iscrowd":0,"attributes":{"occluded":false}},{"id":102,"image_id":15,"category_id":4,"segmentation":[[138.0,266.0,136.0,279.0,140.0,286.0,141.0,295.0,146.0,303.0,175.0,303.0,181.0,309.0,185.0,309.0,189.0,306.0,192.0,290.0,196.0,296.0,194.0,299.0,196.0,297.0,197.0,301.0,199.0,301.0,199.0,282.0,188.0,259.0,182.0,256.0,153.0,257.0,143.0,260.0]],"area":2565.0,"bbox":[136.0,256.0,63.0,53.0],"iscrowd":0,"attributes":{"occluded":false}},{"id":103,"image_id":15,"category_id":4,"segmentation":[[188.0,257.0,191.0,265.0,201.0,276.0,202.0,288.0,219.0,291.0,221.0,288.0,226.0,287.0,226.0,276.0,216.0,257.0,212.0,255.0]],"area":874.0,"bbox":[188.0,255.0,38.0,36.0],"iscrowd":0,"attributes":{"occluded":false}},{"id":104,"image_id":15,"category_id":4,"segmentation":[[219.0,259.0,226.0,278.0,241.0,278.0,243.0,276.0,242.0,264.0,236.0,257.0,222.0,257.0]],"area":398.0,"bbox":[219.0,257.0,24.0,21.0],"iscrowd":0,"attributes":{"occluded":false}},{"id":105,"image_id":15,"category_id":7,"segmentation":[[352.0,251.0,344.0,254.0,342.0,257.0,341.0,264.0,335.0,274.0,337.0,280.0,334.0,283.0,334.0,287.0,339.0,297.0,340.0,308.0,346.0,313.0,360.0,313.0,365.0,311.0,366.0,286.0,360.0,279.0,362.0,264.0]],"area":1446.0,"bbox":[334.0,251.0,32.0,62.0],"iscrowd":0,"attributes":{"occluded":false}},{"id":106,"image_id":15,"category_id":4,"segmentation":[[303.0,250.0,299.0,256.0,298.0,277.0,313.0,277.0,322.0,274.0,324.0,270.0,322.0,251.0]],"area":619.0,"bbox":[298.0,250.0,26.0,27.0],"iscrowd":0,"attributes":{"occluded":false}},{"id":107,"image_id":16,"category_id":4,"segmentation":[[147.0,269.0,137.0,258.0,106.0,258.0,89.0,273.0,86.0,280.0,86.0,290.0,90.0,295.0,129.0,293.0,144.0,288.0,148.0,285.0]],"area":1887.0,"bbox":[86.0,258.0,62.0,37.0],"iscrowd":0,"attributes":{"occluded":false}},{"id":108,"image_id":16,"category_id":4,"segmentation":[[624.0,358.0,608.0,359.0,598.0,363.0,593.0,369.0,585.0,396.0,584.0,418.0,591.0,442.0,593.0,475.0,598.0,489.0,603.0,491.0,620.0,491.0,624.0,489.0]],"area":4450.0,"bbox":[584.0,358.0,40.0,133.0],"iscrowd":0,"attributes":{"occluded":false}},{"id":109,"image_id":16,"category_id":4,"segmentation":[[394.0,254.0,400.0,286.0,418.0,287.0,420.0,272.0,413.0,257.0,408.0,254.0]],"area":652.0,"bbox":[394.0,254.0,26.0,33.0],"iscrowd":0,"attributes":{"occluded":false}},{"id":110,"image_id":16,"category_id":4,"segmentation":[[231.0,258.0,227.0,270.0,222.0,276.0,222.0,288.0,227.0,295.0,257.0,293.0,272.0,296.0,275.0,294.0,277.0,289.0,275.0,268.0,266.0,254.0,242.0,253.0]],"area":1942.0,"bbox":[222.0,253.0,55.0,43.0],"iscrowd":0,"attributes":{"occluded":false}},{"id":111,"image_id":16,"category_id":4,"segmentation":[[216.0,257.0,212.0,255.0,196.0,257.0,194.0,264.0,184.0,269.0,179.0,280.0,178.0,288.0,182.0,291.0,215.0,289.0,218.0,285.0,219.0,278.0]],"area":1107.0,"bbox":[178.0,255.0,41.0,36.0],"iscrowd":0,"attributes":{"occluded":false}},{"id":112,"image_id":16,"category_id":4,"segmentation":[[301.0,242.0,293.0,268.0,292.0,293.0,289.0,305.0,291.0,339.0,301.0,343.0,306.0,339.0,325.0,339.0,339.0,343.0,360.0,343.0,376.0,339.0,388.0,339.0,399.0,342.0,402.0,325.0,400.0,286.0,397.0,270.0,389.0,247.0,382.0,242.0,366.0,241.0]],"area":10444.0,"bbox":[289.0,241.0,113.0,102.0],"iscrowd":0,"attributes":{"occluded":false}},{"id":113,"image_id":16,"category_id":7,"segmentation":[[437.0,257.0,432.0,264.0,430.0,285.0,434.0,299.0,434.0,307.0,442.0,313.0,445.0,313.0,450.0,310.0,450.0,295.0,453.0,282.0,449.0,269.0,442.0,259.0]],"area":919.0,"bbox":[430.0,257.0,23.0,56.0],"iscrowd":0,"attributes":{"occluded":false}},{"id":114,"image_id":16,"category_id":4,"segmentation":[[456.0,264.0,454.0,282.0,463.0,291.0,467.0,290.0,473.0,296.0,487.0,296.0,496.0,292.0,509.0,293.0,511.0,291.0,511.0,275.0,502.0,266.0,500.0,260.0,470.0,259.0,467.0,262.0,461.0,261.0]],"area":1720.0,"bbox":[454.0,259.0,57.0,37.0],"iscrowd":0,"attributes":{"occluded":false}},{"id":115,"image_id":17,"category_id":4,"segmentation":[[254.0,242.0,243.0,280.0,239.0,286.0,239.0,299.0,233.0,337.0,230.0,413.0,234.0,452.0,237.0,460.0,261.0,465.0,388.0,469.0,401.0,466.0,465.0,464.0,481.0,459.0,484.0,447.0,482.0,433.0,483.0,362.0,480.0,354.0,480.0,339.0,471.0,294.0,463.0,274.0,457.0,250.0,453.0,244.0,447.0,241.0,404.0,237.0,294.0,237.0,282.0,235.0,259.0,238.0]],"area":54548.0,"bbox":[230.0,235.0,254.0,234.0],"iscrowd":0,"attributes":{"occluded":false}},{"id":116,"image_id":17,"category_id":4,"segmentation":[[486.0,269.0,473.0,286.0,472.0,295.0,479.0,322.0,483.0,360.0,487.0,365.0,498.0,371.0,502.0,394.0,507.0,400.0,520.0,401.0,525.0,399.0,532.0,387.0,546.0,379.0,603.0,378.0,612.0,380.0,615.0,389.0,624.0,393.0,624.0,262.0,615.0,259.0,581.0,259.0,563.0,263.0,552.0,263.0,545.0,259.0,524.0,258.0,515.0,259.0,509.0,263.0,494.0,264.0]],"area":17641.0,"bbox":[472.0,258.0,152.0,143.0],"iscrowd":0,"attributes":{"occluded":false}},{"id":117,"image_id":17,"category_id":4,"segmentation":[[144.0,250.0,135.0,244.0,114.0,245.0,110.0,247.0,97.0,260.0,95.0,278.0,100.0,281.0,146.0,278.0,149.0,263.0]],"area":1615.0,"bbox":[95.0,244.0,54.0,37.0],"iscrowd":0,"attributes":{"occluded":false}},{"id":118,"image_id":17,"category_id":4,"segmentation":[[182.0,251.0,174.0,244.0,157.0,247.0,148.0,257.0,149.0,268.0,182.0,265.0]],"area":636.0,"bbox":[148.0,244.0,34.0,24.0],"iscrowd":0,"attributes":{"occluded":false}},{"id":119,"image_id":18,"category_id":4,"segmentation":[[278.0,296.0,280.0,302.0,285.0,302.0,292.0,307.0,287.0,316.0,286.0,374.0,289.0,403.0,294.0,418.0,309.0,419.0,312.0,414.0,312.0,408.0,319.0,402.0,329.0,399.0,373.0,399.0,378.0,397.0,428.0,399.0,433.0,402.0,437.0,413.0,444.0,416.0,456.0,414.0,459.0,406.0,467.0,401.0,468.0,358.0,462.0,321.0,438.0,273.0,428.0,265.0,421.0,263.0,380.0,265.0,347.0,263.0,318.0,265.0,310.0,273.0,307.0,273.0,293.0,295.0,281.0,293.0]],"area":23465.0,"bbox":[278.0,263.0,190.0,156.0],"iscrowd":0,"attributes":{"occluded":false}},{"id":120,"image_id":18,"category_id":4,"segmentation":[[305.0,249.0,291.0,249.0,282.0,267.0,281.0,277.0,283.0,282.0,290.0,278.0,299.0,279.0,303.0,277.0,306.0,268.0,310.0,265.0]],"area":655.0,"bbox":[281.0,249.0,29.0,33.0],"iscrowd":0,"attributes":{"occluded":false}},{"id":121,"image_id":18,"category_id":6,"segmentation":[[251.0,247.0,250.0,265.0,272.0,266.0,274.0,264.0,274.0,252.0,271.0,246.0,254.0,245.0]],"area":456.0,"bbox":[250.0,245.0,24.0,21.0],"iscrowd":0,"attributes":{"occluded":false}},{"id":122,"image_id":19,"category_id":4,"segmentation":[[385.0,264.0,372.0,257.0,297.0,259.0,286.0,263.0,281.0,268.0,272.0,286.0,262.0,286.0,260.0,288.0,260.0,292.0,269.0,297.0,259.0,328.0,260.0,379.0,265.0,392.0,269.0,394.0,280.0,394.0,283.0,384.0,290.0,379.0,308.0,376.0,338.0,377.0,347.0,375.0,360.0,375.0,383.0,379.0,388.0,383.0,391.0,392.0,394.0,394.0,407.0,394.0,409.0,392.0,411.0,385.0,416.0,380.0,412.0,316.0,396.0,279.0]],"area":17415.0,"bbox":[259.0,257.0,157.0,137.0],"iscrowd":0,"attributes":{"occluded":false}},{"id":123,"image_id":19,"category_id":4,"segmentation":[[280.0,260.0,286.0,262.0,290.0,259.0,301.0,257.0,306.0,253.0,306.0,249.0,284.0,249.0]],"area":224.0,"bbox":[280.0,249.0,26.0,13.0],"iscrowd":0,"attributes":{"occluded":false}},{"id":124,"image_id":19,"category_id":4,"segmentation":[[260.0,245.0,257.0,253.0,257.0,262.0,259.0,264.0,277.0,263.0,278.0,253.0,273.0,244.0]],"area":359.0,"bbox":[257.0,244.0,21.0,20.0],"iscrowd":0,"attributes":{"occluded":false}},{"id":125,"image_id":19,"category_id":1,"segmentation":[[504.0,240.0,501.0,243.0,502.0,248.0,499.0,254.0,500.0,280.0,504.0,294.0,502.0,301.0,512.0,303.0,512.0,285.0,516.0,276.0,515.0,256.0,509.0,241.0]],"area":771.0,"bbox":[499.0,240.0,17.0,63.0],"iscrowd":0,"attributes":{"occluded":false}},{"id":126,"image_id":19,"category_id":1,"segmentation":[[459.0,244.0,455.0,258.0,455.0,273.0,461.0,287.0,461.0,299.0,466.0,299.0,470.0,296.0,469.0,279.0,473.0,272.0,471.0,256.0,465.0,245.0]],"area":678.0,"bbox":[455.0,244.0,18.0,55.0],"iscrowd":0,"attributes":{"occluded":false}},{"id":127,"image_id":20,"category_id":4,"segmentation":[[22.0,312.0,20.0,324.0,22.0,355.0,30.0,359.0,45.0,362.0,53.0,360.0,126.0,358.0,134.0,359.0,139.0,369.0,146.0,370.0,150.0,366.0,152.0,350.0,172.0,335.0,175.0,335.0,179.0,330.0,180.0,310.0,176.0,298.0,166.0,292.0,153.0,277.0,142.0,270.0,90.0,269.0,69.0,271.0,60.0,274.0]],"area":12247.0,"bbox":[20.0,269.0,160.0,101.0],"iscrowd":0,"attributes":{"occluded":false}},{"id":128,"image_id":20,"category_id":4,"segmentation":[[8.0,361.0,0.0,366.0,0.0,458.0,7.0,455.0,13.0,449.0,22.0,457.0,29.0,457.0,35.0,451.0,41.0,428.0,41.0,402.0,38.0,377.0,34.0,368.0,27.0,361.0]],"area":3563.0,"bbox":[0.0,361.0,41.0,97.0],"iscrowd":0,"attributes":{"occluded":false}},{"id":129,"image_id":20,"category_id":4,"segmentation":[[285.0,251.0,277.0,266.0,277.0,271.0,272.0,282.0,274.0,318.0,282.0,320.0,285.0,311.0,289.0,309.0,329.0,308.0,336.0,310.0,339.0,313.0,340.0,319.0,349.0,319.0,351.0,293.0,349.0,278.0,346.0,273.0,348.0,266.0,342.0,263.0,337.0,253.0,330.0,247.0,310.0,247.0]],"area":4473.0,"bbox":[272.0,247.0,79.0,73.0],"iscrowd":0,"attributes":{"occluded":false}},{"id":130,"image_id":20,"category_id":4,"segmentation":[[156.0,248.0,148.0,263.0,148.0,273.0,169.0,294.0,175.0,296.0,182.0,309.0,202.0,307.0,208.0,309.0,212.0,316.0,220.0,317.0,224.0,303.0,229.0,305.0,235.0,304.0,235.0,278.0,230.0,260.0,224.0,248.0,214.0,245.0,211.0,242.0,166.0,244.0]],"area":4705.0,"bbox":[148.0,242.0,87.0,75.0],"iscrowd":0,"attributes":{"occluded":false}},{"id":131,"image_id":20,"category_id":4,"segmentation":[[227.0,247.0,226.0,251.0,233.0,271.0,236.0,288.0,255.0,293.0,257.0,286.0,263.0,284.0,263.0,272.0,253.0,250.0,244.0,246.0]],"area":1191.0,"bbox":[226.0,246.0,37.0,47.0],"iscrowd":0,"attributes":{"occluded":false}},{"id":132,"image_id":20,"category_id":4,"segmentation":[[237.0,238.0,238.0,244.0,250.0,248.0,263.0,269.0,269.0,267.0,272.0,250.0,267.0,244.0,265.0,237.0]],"area":567.0,"bbox":[237.0,237.0,35.0,32.0],"iscrowd":0,"attributes":{"occluded":false}},{"id":133,"image_id":20,"category_id":7,"segmentation":[[527.0,273.0,524.0,279.0,527.0,285.0,526.0,292.0,520.0,295.0,520.0,301.0,514.0,310.0,501.0,321.0,502.0,325.0,509.0,332.0,503.0,337.0,505.0,364.0,513.0,391.0,528.0,406.0,543.0,410.0,549.0,418.0,555.0,421.0,562.0,405.0,572.0,396.0,572.0,387.0,569.0,384.0,568.0,375.0,565.0,370.0,566.0,350.0,558.0,343.0,558.0,323.0,564.0,321.0,565.0,316.0,554.0,298.0,545.0,296.0,539.0,291.0,538.0,287.0,532.0,286.0,533.0,284.0,536.0,285.0,539.0,283.0,538.0,278.0,533.0,273.0]],"area":6419.0,"bbox":[501.0,273.0,71.0,148.0],"iscrowd":0,"attributes":{"occluded":false}},{"id":134,"image_id":20,"category_id":7,"segmentation":[[403.0,251.0,402.0,260.0,394.0,267.0,394.0,272.0,398.0,276.0,394.0,299.0,406.0,299.0,408.0,302.0,411.0,302.0,418.0,295.0,418.0,285.0,414.0,278.0,418.0,274.0,419.0,266.0,410.0,259.0,408.0,252.0]],"area":879.0,"bbox":[394.0,251.0,25.0,51.0],"iscrowd":0,"attributes":{"occluded":false}},{"id":135,"image_id":20,"category_id":7,"segmentation":[[376.0,245.0,371.0,254.0,372.0,277.0,374.0,279.0,384.0,278.0,383.0,250.0]],"area":362.0,"bbox":[371.0,245.0,13.0,34.0],"iscrowd":0,"attributes":{"occluded":false}},{"id":136,"image_id":20,"category_id":4,"segmentation":[[447.0,271.0,449.0,283.0,452.0,286.0,463.0,287.0,470.0,304.0,476.0,304.0,478.0,298.0,484.0,292.0,509.0,294.0,523.0,290.0,531.0,290.0,540.0,284.0,538.0,275.0,530.0,269.0,526.0,261.0,522.0,259.0,521.0,254.0,513.0,249.0,489.0,250.0,469.0,247.0,458.0,256.0,455.0,263.0]],"area":3396.0,"bbox":[447.0,247.0,93.0,57.0],"iscrowd":0,"attributes":{"occluded":false}},{"id":137,"image_id":21,"category_id":4,"segmentation":[[286.0,248.0,280.0,260.0,274.0,264.0,272.0,304.0,275.0,317.0,278.0,319.0,285.0,318.0,287.0,311.0,293.0,307.0,319.0,308.0,326.0,305.0,339.0,308.0,342.0,311.0,342.0,315.0,346.0,318.0,353.0,317.0,355.0,297.0,353.0,282.0,348.0,269.0,349.0,262.0,343.0,259.0,337.0,248.0,333.0,245.0,309.0,245.0]],"area":4777.0,"bbox":[272.0,245.0,83.0,74.0],"iscrowd":0,"attributes":{"occluded":false}},{"id":138,"image_id":21,"category_id":4,"segmentation":[[46.0,291.0,48.0,316.0,55.0,324.0,115.0,319.0,120.0,320.0,125.0,326.0,132.0,326.0,133.0,305.0,130.0,295.0,130.0,281.0,122.0,275.0,119.0,268.0,112.0,264.0,73.0,264.0]],"area":4369.0,"bbox":[46.0,264.0,87.0,62.0],"iscrowd":0,"attributes":{"occluded":false}},{"id":139,"image_id":21,"category_id":4,"segmentation":[[164.0,243.0,161.0,240.0,154.0,240.0,134.0,244.0,129.0,254.0,129.0,260.0,122.0,265.0,123.0,272.0,126.0,273.0,128.0,270.0,130.0,273.0,137.0,273.0,147.0,270.0,164.0,269.0,167.0,262.0,167.0,250.0]],"area":1112.0,"bbox":[122.0,240.0,45.0,33.0],"iscrowd":0,"attributes":{"occluded":false}},{"id":140,"image_id":21,"category_id":4,"segmentation":[[259.0,240.0,256.0,247.0,257.0,253.0,275.0,252.0,275.0,240.0,273.0,238.0]],"area":243.0,"bbox":[256.0,238.0,19.0,15.0],"iscrowd":0,"attributes":{"occluded":false}},{"id":141,"image_id":21,"category_id":4,"segmentation":[[332.0,239.0,332.0,242.0,338.0,250.0,349.0,251.0,349.0,244.0,345.0,237.0,334.0,237.0]],"area":187.0,"bbox":[332.0,237.0,17.0,14.0],"iscrowd":0,"attributes":{"occluded":false}},{"id":142,"image_id":21,"category_id":7,"segmentation":[[492.0,267.0,486.0,272.0,486.0,284.0,489.0,290.0,478.0,298.0,468.0,309.0,463.0,310.0,462.0,315.0,474.0,323.0,465.0,329.0,471.0,384.0,477.0,391.0,480.0,391.0,482.0,386.0,488.0,387.0,488.0,389.0,483.0,389.0,483.0,392.0,492.0,398.0,497.0,410.0,500.0,412.0,509.0,412.0,514.0,394.0,514.0,383.0,520.0,378.0,521.0,348.0,518.0,318.0,529.0,315.0,529.0,307.0,521.0,295.0,504.0,288.0,506.0,277.0,502.0,269.0]],"area":5887.0,"bbox":[462.0,267.0,67.0,145.0],"iscrowd":0,"attributes":{"occluded":false}},{"id":143,"image_id":21,"category_id":7,"segmentation":[[624.0,240.0,576.0,244.0,571.0,254.0,561.0,259.0,555.0,267.0,551.0,277.0,552.0,286.0,560.0,288.0,567.0,297.0,571.0,298.0,579.0,294.0,586.0,294.0,589.0,298.0,594.0,298.0,599.0,293.0,621.0,297.0,624.0,295.0]],"area":3379.0,"bbox":[551.0,240.0,73.0,58.0],"iscrowd":0,"attributes":{"occluded":false}},{"id":144,"image_id":22,"category_id":4,"segmentation":[[283.0,255.0,277.0,262.0,275.0,268.0,270.0,271.0,267.0,294.0,267.0,317.0,269.0,326.0,278.0,327.0,280.0,320.0,286.0,316.0,327.0,316.0,336.0,320.0,338.0,328.0,347.0,328.0,350.0,318.0,349.0,289.0,346.0,281.0,349.0,277.0,349.0,272.0,342.0,271.0,337.0,260.0,332.0,255.0,323.0,253.0]],"area":4971.0,"bbox":[267.0,253.0,83.0,75.0],"iscrowd":0,"attributes":{"occluded":false}},{"id":145,"image_id":22,"category_id":4,"segmentation":[[202.0,263.0,194.0,253.0,188.0,251.0,162.0,254.0,148.0,268.0,147.0,281.0,150.0,284.0,191.0,284.0,194.0,280.0,202.0,280.0]],"area":1515.0,"bbox":[147.0,251.0,55.0,33.0],"iscrowd":0,"attributes":{"occluded":false}},{"id":146,"image_id":22,"category_id":4,"segmentation":[[287.0,247.0,284.0,245.0,271.0,245.0,266.0,255.0,267.0,264.0,276.0,263.0,283.0,255.0,287.0,254.0]],"area":287.0,"bbox":[266.0,245.0,21.0,19.0],"iscrowd":0,"attributes":{"occluded":false}},{"id":147,"image_id":22,"category_id":4,"segmentation":[[306.0,249.0,306.0,253.0,326.0,254.0,336.0,260.0,340.0,258.0,336.0,244.0,328.0,240.0,322.0,240.0,318.0,248.0]],"area":337.0,"bbox":[306.0,240.0,34.0,20.0],"iscrowd":0,"attributes":{"occluded":false}},{"id":148,"image_id":22,"category_id":7,"segmentation":[[480.0,265.0,478.0,266.0,476.0,280.0,461.0,294.0,461.0,297.0,472.0,299.0,463.0,305.0,468.0,338.0,474.0,341.0,474.0,337.0,478.0,335.0,485.0,349.0,487.0,349.0,488.0,342.0,492.0,340.0,497.0,330.0,495.0,299.0,497.0,295.0,501.0,294.0,502.0,289.0,497.0,280.0,489.0,274.0,484.0,266.0]],"area":2029.0,"bbox":[461.0,265.0,41.0,84.0],"iscrowd":0,"attributes":{"occluded":false}},{"id":149,"image_id":22,"category_id":4,"segmentation":[[95.0,271.0,93.0,263.0,87.0,254.0,73.0,253.0,62.0,255.0,57.0,263.0,44.0,268.0,39.0,277.0,42.0,281.0,64.0,282.0,73.0,281.0,77.0,278.0,94.0,278.0]],"area":1145.0,"bbox":[39.0,253.0,56.0,29.0],"iscrowd":0,"attributes":{"occluded":false}},{"id":150,"image_id":23,"category_id":4,"segmentation":[[343.0,253.0,337.0,249.0,329.0,248.0,290.0,249.0,278.0,251.0,273.0,256.0,267.0,268.0,260.0,274.0,262.0,281.0,257.0,296.0,257.0,332.0,262.0,345.0,272.0,345.0,274.0,338.0,279.0,334.0,298.0,331.0,341.0,334.0,347.0,337.0,351.0,346.0,360.0,346.0,363.0,344.0,363.0,338.0,366.0,333.0,364.0,297.0,358.0,281.0,360.0,272.0,352.0,268.0]],"area":8536.0,"bbox":[257.0,248.0,109.0,98.0],"iscrowd":0,"attributes":{"occluded":false}},{"id":151,"image_id":23,"category_id":4,"segmentation":[[242.0,242.0,237.0,254.0,239.0,264.0,244.0,262.0,260.0,263.0,268.0,260.0,268.0,251.0,262.0,241.0,245.0,240.0]],"area":598.0,"bbox":[237.0,240.0,31.0,24.0],"iscrowd":0,"attributes":{"occluded":false}},{"id":152,"image_id":23,"category_id":4,"segmentation":[[276.0,252.0,270.0,259.0,268.0,266.0,259.0,273.0,260.0,279.0,255.0,316.0,256.0,332.0,261.0,345.0,273.0,345.0,275.0,337.0,283.0,334.0,325.0,332.0,345.0,336.0,348.0,345.0,352.0,347.0,361.0,346.0,366.0,335.0,367.0,324.0,363.0,290.0,359.0,281.0,361.0,277.0,360.0,270.0,355.0,269.0,339.0,249.0,324.0,242.0,296.0,242.0,290.0,249.0]],"area":9032.0,"bbox":[255.0,242.0,112.0,105.0],"iscrowd":0,"attributes":{"occluded":false}},{"id":153,"image_id":23,"category_id":7,"segmentation":[[453.0,252.0,451.0,253.0,449.0,263.0,439.0,275.0,439.0,277.0,447.0,279.0,440.0,286.0,446.0,309.0,448.0,310.0,450.0,306.0,453.0,306.0,458.0,310.0,462.0,310.0,467.0,300.0,467.0,283.0,465.0,277.0,470.0,275.0,470.0,270.0,460.0,260.0,459.0,254.0]],"area":1184.0,"bbox":[439.0,252.0,31.0,58.0],"iscrowd":0,"attributes":{"occluded":false}},{"id":154,"image_id":24,"category_id":4,"segmentation":[[389.0,265.0,374.0,257.0,353.0,256.0,346.0,251.0,342.0,251.0,340.0,253.0,286.0,254.0,249.0,260.0,239.0,267.0,221.0,299.0,205.0,353.0,206.0,424.0,208.0,433.0,220.0,452.0,240.0,451.0,243.0,447.0,244.0,436.0,250.0,431.0,297.0,432.0,314.0,430.0,340.0,432.0,378.0,429.0,394.0,430.0,398.0,437.0,398.0,444.0,402.0,450.0,414.0,451.0,423.0,449.0,427.0,438.0,434.0,433.0,435.0,428.0,429.0,347.0,411.0,300.0,402.0,282.0]],"area":37209.0,"bbox":[205.0,251.0,230.0,201.0],"iscrowd":0,"attributes":{"occluded":false}},{"id":155,"image_id":24,"category_id":4,"segmentation":[[61.0,240.0,59.0,252.0,50.0,271.0,49.0,326.0,51.0,342.0,53.0,344.0,81.0,345.0,101.0,349.0,124.0,348.0,138.0,344.0,179.0,347.0,182.0,356.0,189.0,354.0,190.0,339.0,198.0,330.0,211.0,321.0,217.0,304.0,215.0,282.0,204.0,268.0,199.0,250.0,192.0,240.0,179.0,234.0,92.0,234.0,66.0,236.0]],"area":17128.0,"bbox":[49.0,234.0,168.0,122.0],"iscrowd":0,"attributes":{"occluded":false}},{"id":156,"image_id":24,"category_id":4,"segmentation":[[251.0,245.0,244.0,243.0,224.0,245.0,220.0,252.0,219.0,271.0,222.0,273.0,234.0,271.0,251.0,256.0]],"area":715.0,"bbox":[219.0,243.0,32.0,30.0],"iscrowd":0,"attributes":{"occluded":false}},{"id":157,"image_id":24,"category_id":7,"segmentation":[[416.0,239.0,412.0,241.0,412.0,247.0,407.0,254.0,408.0,259.0,405.0,262.0,408.0,280.0,410.0,282.0,413.0,278.0,415.0,280.0,421.0,280.0,427.0,262.0,426.0,251.0,419.0,245.0]],"area":621.0,"bbox":[405.0,239.0,22.0,43.0],"iscrowd":0,"attributes":{"occluded":false}},{"id":158,"image_id":25,"category_id":4,"segmentation":[[293.0,252.0,287.0,266.0,287.0,278.0,289.0,280.0,323.0,278.0,323.0,266.0,315.0,251.0,298.0,250.0]],"area":909.0,"bbox":[287.0,250.0,36.0,30.0],"iscrowd":0,"attributes":{"occluded":false}},{"id":159,"image_id":26,"category_id":4,"segmentation":[[298.0,253.0,293.0,264.0,293.0,279.0,329.0,279.0,329.0,266.0,320.0,251.0,306.0,250.0]],"area":908.0,"bbox":[293.0,250.0,36.0,29.0],"iscrowd":0,"attributes":{"occluded":false}},{"id":160,"image_id":26,"category_id":4,"segmentation":[[326.0,251.0,325.0,255.0,328.0,261.0,336.0,261.0,339.0,259.0,337.0,252.0,331.0,250.0]],"area":121.0,"bbox":[325.0,250.0,14.0,11.0],"iscrowd":0,"attributes":{"occluded":false}},{"id":161,"image_id":27,"category_id":4,"segmentation":[[298.0,250.0,292.0,261.0,292.0,282.0,300.0,284.0,328.0,283.0,331.0,275.0,331.0,263.0,324.0,251.0,321.0,249.0]],"area":1221.0,"bbox":[292.0,249.0,39.0,35.0],"iscrowd":0,"attributes":{"occluded":false}},{"id":162,"image_id":28,"category_id":4,"segmentation":[[301.0,253.0,294.0,265.0,293.0,283.0,296.0,285.0,332.0,285.0,331.0,266.0,326.0,254.0,319.0,252.0]],"area":1136.0,"bbox":[293.0,252.0,39.0,33.0],"iscrowd":0,"attributes":{"occluded":false}},{"id":163,"image_id":29,"category_id":4,"segmentation":[[303.0,262.0,301.0,288.0,342.0,288.0,342.0,268.0,336.0,256.0,328.0,254.0,310.0,255.0]],"area":1260.0,"bbox":[301.0,254.0,41.0,34.0],"iscrowd":0,"attributes":{"occluded":false}},{"id":164,"image_id":30,"category_id":4,"segmentation":[[294.0,257.0,293.0,282.0,295.0,286.0,337.0,287.0,339.0,285.0,338.0,257.0,334.0,255.0,331.0,249.0,306.0,248.0,302.0,249.0]],"area":1626.0,"bbox":[293.0,248.0,46.0,39.0],"iscrowd":0,"attributes":{"occluded":false}},{"id":165,"image_id":30,"category_id":4,"segmentation":[[0.0,259.0,0.0,338.0,46.0,333.0,58.0,329.0,61.0,326.0,93.0,316.0,96.0,313.0,93.0,307.0,92.0,288.0,88.0,281.0,78.0,275.0,76.0,271.0,70.0,271.0,62.0,264.0,51.0,259.0]],"area":6058.0,"bbox":[0.0,259.0,96.0,79.0],"iscrowd":0,"attributes":{"occluded":false}},{"id":166,"image_id":31,"category_id":4,"segmentation":[[187.0,255.0,187.0,265.0,191.0,269.0,215.0,268.0,219.0,265.0,225.0,265.0,225.0,255.0,214.0,246.0,195.0,246.0]],"area":734.0,"bbox":[187.0,246.0,38.0,23.0],"iscrowd":0,"attributes":{"occluded":false}},{"id":167,"image_id":31,"category_id":4,"segmentation":[[324.0,251.0,315.0,264.0,314.0,287.0,317.0,289.0,359.0,289.0,360.0,266.0,355.0,254.0,352.0,251.0,343.0,250.0]],"area":1619.0,"bbox":[314.0,250.0,46.0,39.0],"iscrowd":0,"attributes":{"occluded":false}},{"id":168,"image_id":31,"category_id":4,"segmentation":[[367.0,255.0,363.0,240.0,329.0,241.0,330.0,249.0,350.0,250.0,360.0,261.0]],"area":427.0,"bbox":[329.0,240.0,38.0,21.0],"iscrowd":0,"attributes":{"occluded":false}},{"id":169,"image_id":32,"category_id":4,"segmentation":[[329.0,266.0,327.0,271.0,328.0,288.0,364.0,289.0,366.0,287.0,363.0,268.0,355.0,260.0,336.0,259.0]],"area":999.0,"bbox":[327.0,259.0,39.0,30.0],"iscrowd":0,"attributes":{"occluded":false}},{"id":170,"image_id":33,"category_id":4,"segmentation":[[323.0,256.0,320.0,263.0,320.0,281.0,350.0,281.0,351.0,265.0,345.0,255.0,328.0,254.0]],"area":765.0,"bbox":[320.0,254.0,31.0,27.0],"iscrowd":0,"attributes":{"occluded":false}},{"id":171,"image_id":34,"category_id":4,"segmentation":[[351.0,250.0,343.0,248.0,330.0,250.0,326.0,256.0,326.0,271.0,353.0,271.0,355.0,269.0,355.0,258.0]],"area":599.0,"bbox":[326.0,248.0,29.0,23.0],"iscrowd":0,"attributes":{"occluded":false}},{"id":172,"image_id":35,"category_id":4,"segmentation":[[394.0,246.0,391.0,254.0,392.0,263.0,414.0,264.0,420.0,262.0,419.0,251.0,414.0,245.0,403.0,243.0]],"area":504.0,"bbox":[391.0,243.0,29.0,21.0],"iscrowd":0,"attributes":{"occluded":false}},{"id":173,"image_id":36,"category_id":4,"segmentation":[[410.0,242.0,405.0,252.0,406.0,262.0,431.0,262.0,431.0,247.0,419.0,241.0]],"area":471.0,"bbox":[405.0,241.0,26.0,21.0],"iscrowd":0,"attributes":{"occluded":false}},{"id":174,"image_id":37,"category_id":4,"segmentation":[[424.0,248.0,419.0,241.0,413.0,238.0,402.0,240.0,397.0,248.0,397.0,258.0,421.0,259.0,424.0,257.0]],"area":470.0,"bbox":[397.0,238.0,27.0,21.0],"iscrowd":0,"attributes":{"occluded":false}},{"id":175,"image_id":38,"category_id":4,"segmentation":[[339.0,258.0,329.0,247.0,319.0,244.0,300.0,246.0,290.0,255.0,292.0,262.0,296.0,265.0,318.0,264.0,323.0,266.0,338.0,263.0]],"area":803.0,"bbox":[290.0,244.0,49.0,22.0],"iscrowd":0,"attributes":{"occluded":false}},{"id":176,"image_id":38,"category_id":4,"segmentation":[[398.0,246.0,400.0,261.0,403.0,263.0,423.0,263.0,428.0,260.0,428.0,249.0,414.0,239.0,406.0,240.0]],"area":585.0,"bbox":[398.0,239.0,30.0,24.0],"iscrowd":0,"attributes":{"occluded":false}},{"id":177,"image_id":39,"category_id":4,"segmentation":[[258.0,265.0,259.0,281.0,287.0,282.0,298.0,280.0,303.0,275.0,301.0,262.0,292.0,253.0,267.0,253.0]],"area":1125.0,"bbox":[258.0,253.0,45.0,29.0],"iscrowd":0,"attributes":{"occluded":false}},{"id":178,"image_id":39,"category_id":4,"segmentation":[[344.0,250.0,338.0,260.0,339.0,277.0,369.0,276.0,370.0,264.0,366.0,252.0,359.0,249.0]],"area":779.0,"bbox":[338.0,249.0,32.0,28.0],"iscrowd":0,"attributes":{"occluded":false}},{"id":179,"image_id":39,"category_id":4,"segmentation":[[312.0,242.0,307.0,249.0,307.0,259.0,313.0,261.0,325.0,260.0,324.0,245.0,320.0,242.0]],"area":296.0,"bbox":[307.0,242.0,18.0,19.0],"iscrowd":0,"attributes":{"occluded":false}},{"id":180,"image_id":39,"category_id":4,"segmentation":[[75.0,253.0,71.0,248.0,45.0,249.0,33.0,259.0,32.0,270.0,45.0,270.0,49.0,272.0,73.0,271.0,77.0,268.0]],"area":892.0,"bbox":[32.0,248.0,45.0,24.0],"iscrowd":0,"attributes":{"occluded":false}},{"id":181,"image_id":39,"category_id":4,"segmentation":[[172.0,251.0,171.0,257.0,173.0,260.0,185.0,259.0,187.0,256.0,187.0,251.0,184.0,248.0,176.0,248.0]],"area":163.0,"bbox":[171.0,248.0,16.0,12.0],"iscrowd":0,"attributes":{"occluded":false}},{"id":182,"image_id":39,"category_id":4,"segmentation":[[232.0,245.0,232.0,254.0,244.0,253.0,243.0,245.0]],"area":98.0,"bbox":[232.0,245.0,12.0,9.0],"iscrowd":0,"attributes":{"occluded":false}},{"id":183,"image_id":40,"category_id":4,"segmentation":[[308.0,261.0,307.0,287.0,310.0,296.0,333.0,296.0,360.0,292.0,359.0,269.0,350.0,254.0,319.0,253.0,312.0,260.0]],"area":2021.0,"bbox":[307.0,253.0,53.0,43.0],"iscrowd":0,"attributes":{"occluded":false}},{"id":184,"image_id":40,"category_id":4,"segmentation":[[369.0,249.0,368.0,273.0,370.0,277.0,407.0,277.0,407.0,258.0,400.0,248.0,373.0,247.0]],"area":1094.0,"bbox":[368.0,247.0,39.0,30.0],"iscrowd":0,"attributes":{"occluded":false}},{"id":185,"image_id":40,"category_id":4,"segmentation":[[302.0,238.0,299.0,236.0,289.0,237.0,283.0,243.0,281.0,251.0,284.0,254.0,303.0,253.0,304.0,244.0]],"area":332.0,"bbox":[281.0,236.0,23.0,18.0],"iscrowd":0,"attributes":{"occluded":false}},{"id":186,"image_id":40,"category_id":4,"segmentation":[[118.0,251.0,115.0,247.0,93.0,247.0,78.0,254.0,48.0,257.0,38.0,270.0,24.0,279.0,22.0,286.0,32.0,287.0,110.0,275.0,111.0,266.0,109.0,262.0,117.0,257.0]],"area":2211.0,"bbox":[22.0,247.0,96.0,40.0],"iscrowd":0,"attributes":{"occluded":false}},{"id":187,"image_id":40,"category_id":4,"segmentation":[[134.0,240.0,128.0,235.0,121.0,236.0,118.0,239.0,119.0,245.0,133.0,243.0]],"area":114.0,"bbox":[118.0,235.0,16.0,10.0],"iscrowd":0,"attributes":{"occluded":false}},{"id":188,"image_id":41,"category_id":4,"segmentation":[[362.0,287.0,365.0,311.0,377.0,313.0,383.0,325.0,420.0,324.0,425.0,322.0,433.0,323.0,435.0,321.0,438.0,323.0,446.0,320.0,456.0,327.0,462.0,327.0,467.0,318.0,468.0,290.0,449.0,266.0,439.0,259.0,389.0,259.0,377.0,269.0,373.0,276.0,367.0,278.0]],"area":5864.0,"bbox":[362.0,259.0,106.0,68.0],"iscrowd":0,"attributes":{"occluded":false}},{"id":189,"image_id":41,"category_id":4,"segmentation":[[290.0,259.0,291.0,270.0,303.0,276.0,339.0,276.0,342.0,271.0,339.0,254.0,331.0,244.0,326.0,242.0,303.0,243.0]],"area":1463.0,"bbox":[290.0,242.0,52.0,34.0],"iscrowd":0,"attributes":{"occluded":false}},{"id":190,"image_id":41,"category_id":4,"segmentation":[[123.0,258.0,113.0,253.0,82.0,254.0,68.0,258.0,64.0,266.0,57.0,271.0,57.0,277.0,51.0,285.0,51.0,302.0,61.0,307.0,94.0,306.0,130.0,293.0,132.0,290.0,131.0,277.0]],"area":3491.0,"bbox":[51.0,253.0,81.0,54.0],"iscrowd":0,"attributes":{"occluded":false}},{"id":191,"image_id":41,"category_id":4,"segmentation":[[91.0,242.0,87.0,238.0,82.0,237.0,70.0,239.0,66.0,246.0,67.0,255.0,72.0,256.0,90.0,253.0,92.0,251.0]],"area":394.0,"bbox":[66.0,237.0,26.0,19.0],"iscrowd":0,"attributes":{"occluded":false}},{"id":192,"image_id":41,"category_id":4,"segmentation":[[191.0,217.0,184.0,216.0,173.0,229.0,171.0,236.0,172.0,245.0,194.0,245.0,194.0,222.0]],"area":546.0,"bbox":[171.0,216.0,23.0,29.0],"iscrowd":0,"attributes":{"occluded":false}},{"id":193,"image_id":42,"category_id":4,"segmentation":[[418.0,281.0,419.0,286.0,415.0,291.0,414.0,297.0,415.0,321.0,419.0,325.0,430.0,323.0,439.0,327.0,443.0,341.0,446.0,344.0,459.0,344.0,463.0,339.0,486.0,338.0,499.0,332.0,518.0,332.0,531.0,343.0,541.0,342.0,545.0,337.0,549.0,313.0,547.0,300.0,540.0,290.0,514.0,268.0,496.0,264.0,453.0,264.0,441.0,268.0,428.0,281.0]],"area":8409.0,"bbox":[414.0,264.0,135.0,80.0],"iscrowd":0,"attributes":{"occluded":false}},{"id":194,"image_id":42,"category_id":4,"segmentation":[[352.0,261.0,337.0,247.0,330.0,245.0,310.0,246.0,304.0,248.0,291.0,263.0,291.0,277.0,293.0,280.0,302.0,280.0,305.0,283.0,315.0,281.0,342.0,281.0,351.0,284.0,353.0,282.0,354.0,272.0]],"area":1934.0,"bbox":[291.0,245.0,63.0,39.0],"iscrowd":0,"attributes":{"occluded":false}},{"id":195,"image_id":42,"category_id":4,"segmentation":[[72.0,264.0,63.0,257.0,35.0,257.0,20.0,259.0,8.0,265.0,0.0,275.0,0.0,323.0,44.0,323.0,63.0,318.0,68.0,314.0,78.0,317.0,83.0,312.0,83.0,291.0,78.0,273.0]],"area":4872.0,"bbox":[0.0,257.0,83.0,66.0],"iscrowd":0,"attributes":{"occluded":false}},{"id":196,"image_id":42,"category_id":4,"segmentation":[[83.0,238.0,77.0,249.0,77.0,260.0,79.0,262.0,102.0,261.0,102.0,254.0,97.0,239.0]],"area":506.0,"bbox":[77.0,238.0,25.0,24.0],"iscrowd":0,"attributes":{"occluded":false}},{"id":197,"image_id":43,"category_id":4,"segmentation":[[322.0,283.0,322.0,307.0,326.0,308.0,329.0,305.0,333.0,305.0,343.0,309.0,349.0,322.0,375.0,310.0,383.0,313.0,413.0,314.0,418.0,319.0,426.0,319.0,431.0,316.0,434.0,306.0,432.0,283.0,423.0,275.0,419.0,274.0,406.0,260.0,401.0,258.0,379.0,256.0,349.0,258.0]],"area":5468.0,"bbox":[322.0,256.0,112.0,66.0],"iscrowd":0,"attributes":{"occluded":false}},{"id":198,"image_id":43,"category_id":4,"segmentation":[[222.0,255.0,220.0,269.0,221.0,273.0,225.0,276.0,237.0,273.0,245.0,273.0,250.0,278.0,274.0,275.0,284.0,277.0,287.0,275.0,287.0,268.0,284.0,263.0,262.0,247.0,233.0,246.0,228.0,248.0]],"area":1627.0,"bbox":[220.0,246.0,67.0,32.0],"iscrowd":0,"attributes":{"occluded":false}},{"id":199,"image_id":43,"category_id":4,"segmentation":[[216.0,253.0,209.0,243.0,174.0,244.0,167.0,246.0,160.0,252.0,151.0,254.0,147.0,259.0,147.0,265.0,151.0,265.0,154.0,268.0,164.0,267.0,171.0,272.0,180.0,268.0,209.0,270.0,217.0,263.0]],"area":1506.0,"bbox":[147.0,243.0,70.0,29.0],"iscrowd":0,"attributes":{"occluded":false}},{"id":200,"image_id":43,"category_id":4,"segmentation":[[620.0,265.0,606.0,276.0,595.0,289.0,593.0,313.0,624.0,325.0,624.0,265.0]],"area":1334.0,"bbox":[593.0,265.0,31.0,60.0],"iscrowd":0,"attributes":{"occluded":false}},{"id":201,"image_id":44,"category_id":4,"segmentation":[[360.0,285.0,362.0,293.0,358.0,302.0,359.0,331.0,362.0,333.0,367.0,326.0,390.0,337.0,393.0,340.0,395.0,352.0,399.0,358.0,406.0,357.0,410.0,348.0,417.0,349.0,425.0,347.0,492.0,348.0,498.0,355.0,508.0,355.0,516.0,350.0,523.0,335.0,522.0,312.0,517.0,298.0,511.0,293.0,500.0,289.0,486.0,274.0,473.0,267.0,451.0,264.0,412.0,264.0,396.0,267.0,380.0,278.0,367.0,280.0]],"area":11763.0,"bbox":[358.0,264.0,165.0,94.0],"iscrowd":0,"attributes":{"occluded":false}},{"id":202,"image_id":44,"category_id":4,"segmentation":[[269.0,259.0,270.0,272.0,274.0,274.0,292.0,275.0,300.0,278.0,306.0,274.0,329.0,276.0,335.0,270.0,335.0,256.0,333.0,252.0,319.0,242.0,281.0,242.0,274.0,248.0]],"area":1984.0,"bbox":[269.0,242.0,66.0,36.0],"iscrowd":0,"attributes":{"occluded":false}},{"id":203,"image_id":44,"category_id":4,"segmentation":[[84.0,243.0,81.0,256.0,83.0,286.0,86.0,286.0,89.0,282.0,98.0,284.0,104.0,278.0,126.0,276.0,132.0,279.0,140.0,278.0,145.0,267.0,144.0,253.0,136.0,242.0,92.0,241.0]],"area":2280.0,"bbox":[81.0,241.0,64.0,45.0],"iscrowd":0,"attributes":{"occluded":false}},{"id":204,"image_id":44,"category_id":5,"segmentation":[[620.0,258.0,614.0,244.0,598.0,235.0,587.0,232.0,580.0,237.0,570.0,232.0,563.0,239.0,556.0,239.0,549.0,246.0,535.0,247.0,531.0,252.0,535.0,262.0,538.0,265.0,543.0,265.0,545.0,272.0,552.0,272.0,555.0,269.0,560.0,269.0,563.0,272.0,577.0,272.0,581.0,269.0,596.0,273.0,603.0,267.0,612.0,270.0]],"area":2568.0,"bbox":[531.0,232.0,89.0,41.0],"iscrowd":0,"attributes":{"occluded":false}},{"id":205,"image_id":44,"category_id":4,"segmentation":[[350.0,277.0,361.0,283.0,366.0,280.0,378.0,279.0,398.0,266.0,421.0,263.0,421.0,261.0,413.0,256.0,393.0,254.0,369.0,256.0,366.0,260.0,360.0,261.0,351.0,271.0]],"area":1080.0,"bbox":[350.0,254.0,71.0,29.0],"iscrowd":0,"attributes":{"occluded":false}},{"id":206,"image_id":45,"category_id":4,"segmentation":[[588.0,274.0,582.0,258.0,559.0,257.0,529.0,259.0,514.0,271.0,499.0,274.0,491.0,278.0,490.0,291.0,494.0,293.0,583.0,294.0,588.0,291.0]],"area":2941.0,"bbox":[490.0,257.0,98.0,37.0],"iscrowd":0,"attributes":{"occluded":false}},{"id":207,"image_id":45,"category_id":4,"segmentation":[[150.0,260.0,148.0,256.0,128.0,255.0,121.0,246.0,109.0,242.0,74.0,242.0,53.0,249.0,44.0,255.0,19.0,259.0,17.0,261.0,16.0,272.0,33.0,282.0,43.0,282.0,50.0,277.0,97.0,278.0,106.0,284.0,113.0,284.0,125.0,276.0,131.0,278.0,148.0,277.0,150.0,274.0]],"area":3927.0,"bbox":[16.0,242.0,134.0,42.0],"iscrowd":0,"attributes":{"occluded":false}},{"id":208,"image_id":45,"category_id":5,"segmentation":[[316.0,215.0,301.0,215.0,291.0,212.0,286.0,214.0,276.0,212.0,239.0,212.0,191.0,217.0,167.0,236.0,160.0,244.0,152.0,267.0,153.0,297.0,157.0,300.0,210.0,305.0,218.0,311.0,224.0,311.0,233.0,302.0,244.0,300.0,259.0,301.0,271.0,294.0,273.0,300.0,275.0,301.0,277.0,299.0,282.0,306.0,289.0,308.0,296.0,307.0,301.0,299.0,307.0,296.0,313.0,283.0,321.0,277.0,321.0,241.0,319.0,223.0]],"area":13891.0,"bbox":[152.0,212.0,169.0,99.0],"iscrowd":0,"attributes":{"occluded":false}},{"id":209,"image_id":45,"category_id":5,"segmentation":[[383.0,284.0,388.0,259.0,400.0,249.0,411.0,249.0,415.0,252.0,422.0,245.0,422.0,240.0,425.0,237.0,446.0,238.0,449.0,235.0,453.0,238.0,495.0,239.0,497.0,241.0,495.0,242.0,495.0,276.0,479.0,285.0,477.0,296.0,480.0,298.0,475.0,305.0,443.0,305.0,440.0,302.0,432.0,302.0,427.0,295.0,421.0,297.0,416.0,293.0,414.0,295.0,407.0,294.0,406.0,292.0,401.0,292.0,394.0,286.0]],"area":5821.0,"bbox":[383.0,235.0,114.0,70.0],"iscrowd":0,"attributes":{"occluded":false}},{"id":210,"image_id":46,"category_id":7,"segmentation":[[378.0,218.0,377.0,224.0,382.0,258.0,386.0,259.0,389.0,254.0,388.0,232.0,385.0,222.0,381.0,218.0]],"area":330.0,"bbox":[377.0,218.0,12.0,41.0],"iscrowd":0,"attributes":{"occluded":false}},{"id":211,"image_id":46,"category_id":7,"segmentation":[[62.0,256.0,59.0,258.0,58.0,275.0,64.0,279.0,71.0,279.0,74.0,274.0,73.0,266.0]],"area":267.0,"bbox":[58.0,256.0,16.0,23.0],"iscrowd":0,"attributes":{"occluded":false}},{"id":212,"image_id":47,"category_id":7,"segmentation":[[424.0,250.0,416.0,264.0,420.0,268.0,418.0,277.0,421.0,294.0,425.0,294.0,431.0,298.0,436.0,294.0,438.0,282.0,437.0,262.0,434.0,254.0,430.0,250.0]],"area":773.0,"bbox":[416.0,250.0,22.0,48.0],"iscrowd":0,"attributes":{"occluded":false}},{"id":213,"image_id":47,"category_id":4,"segmentation":[[155.0,270.0,151.0,264.0,142.0,259.0,115.0,261.0,99.0,275.0,97.0,283.0,101.0,286.0,134.0,286.0,139.0,283.0,153.0,281.0,155.0,278.0]],"area":1219.0,"bbox":[97.0,259.0,58.0,27.0],"iscrowd":0,"attributes":{"occluded":false}},{"id":214,"image_id":47,"category_id":4,"segmentation":[[339.0,234.0,336.0,231.0,317.0,233.0,314.0,249.0,339.0,249.0]],"area":398.0,"bbox":[314.0,231.0,25.0,18.0],"iscrowd":0,"attributes":{"occluded":false}},{"id":215,"image_id":47,"category_id":4,"segmentation":[[234.0,246.0,228.0,256.0,228.0,262.0,245.0,261.0,246.0,247.0]],"area":236.0,"bbox":[228.0,246.0,18.0,16.0],"iscrowd":0,"attributes":{"occluded":false}},{"id":216,"image_id":47,"category_id":4,"segmentation":[[228.0,260.0,229.0,262.0,243.0,262.0,261.0,258.0,261.0,250.0,256.0,246.0,235.0,246.0,231.0,249.0]],"area":450.0,"bbox":[228.0,246.0,33.0,16.0],"iscrowd":0,"attributes":{"occluded":false}},{"id":217,"image_id":47,"category_id":4,"segmentation":[[267.0,245.0,267.0,256.0,280.0,254.0,281.0,249.0,278.0,245.0]],"area":130.0,"bbox":[267.0,245.0,14.0,11.0],"iscrowd":0,"attributes":{"occluded":false}},{"id":218,"image_id":47,"category_id":4,"segmentation":[[287.0,242.0,285.0,244.0,286.0,253.0,294.0,252.0,295.0,243.0]],"area":90.0,"bbox":[285.0,242.0,10.0,11.0],"iscrowd":0,"attributes":{"occluded":false}},{"id":219,"image_id":47,"category_id":6,"segmentation":[[15.0,228.0,17.0,278.0,20.0,294.0,38.0,293.0,62.0,286.0,64.0,284.0,64.0,277.0,70.0,278.0,72.0,282.0,78.0,282.0,82.0,267.0,87.0,279.0,96.0,279.0,104.0,269.0,114.0,261.0,141.0,259.0,158.0,271.0,169.0,270.0,173.0,267.0,171.0,242.0,162.0,233.0,139.0,232.0,125.0,229.0,121.0,226.0,107.0,224.0,82.0,224.0,79.0,226.0,77.0,224.0,67.0,223.0,58.0,225.0,24.0,225.0]],"area":7530.0,"bbox":[15.0,223.0,158.0,71.0],"iscrowd":0,"attributes":{"occluded":false}},{"id":220,"image_id":47,"category_id":4,"segmentation":[[402.0,241.0,398.0,239.0,389.0,240.0,386.0,246.0,388.0,253.0,402.0,252.0]],"area":190.0,"bbox":[386.0,239.0,16.0,14.0],"iscrowd":0,"attributes":{"occluded":false}},{"id":221,"image_id":48,"category_id":4,"segmentation":[[462.0,272.0,461.0,283.0,463.0,292.0,474.0,292.0,481.0,299.0,491.0,295.0,522.0,297.0,531.0,301.0,536.0,299.0,537.0,288.0,534.0,272.0,519.0,257.0,509.0,255.0,479.0,255.0]],"area":2725.0,"bbox":[461.0,255.0,76.0,46.0],"iscrowd":0,"attributes":{"occluded":false}},{"id":222,"image_id":48,"category_id":4,"segmentation":[[479.0,252.0,456.0,249.0,447.0,251.0,440.0,260.0,436.0,270.0,437.0,282.0,445.0,284.0,448.0,287.0,458.0,287.0,461.0,284.0,462.0,272.0,476.0,257.0,481.0,255.0]],"area":1014.0,"bbox":[436.0,249.0,45.0,38.0],"iscrowd":0,"attributes":{"occluded":false}},{"id":223,"image_id":48,"category_id":4,"segmentation":[[408.0,253.0,403.0,264.0,404.0,270.0,408.0,272.0,435.0,272.0,437.0,263.0,430.0,251.0,419.0,249.0,411.0,250.0]],"area":641.0,"bbox":[403.0,249.0,34.0,23.0],"iscrowd":0,"attributes":{"occluded":false}},{"id":224,"image_id":48,"category_id":4,"segmentation":[[421.0,244.0,416.0,241.0,399.0,244.0,395.0,251.0,394.0,265.0,402.0,268.0,408.0,254.0,413.0,250.0,422.0,249.0]],"area":374.0,"bbox":[394.0,241.0,28.0,27.0],"iscrowd":0,"attributes":{"occluded":false}},{"id":225,"image_id":48,"category_id":4,"segmentation":[[394.0,243.0,385.0,245.0,379.0,253.0,380.0,260.0,386.0,263.0,392.0,262.0,393.0,251.0,397.0,248.0,397.0,244.0]],"area":234.0,"bbox":[379.0,243.0,18.0,20.0],"iscrowd":0,"attributes":{"occluded":false}},{"id":226,"image_id":48,"category_id":4,"segmentation":[[292.0,232.0,289.0,239.0,290.0,255.0,312.0,255.0,313.0,251.0,309.0,234.0,304.0,230.0,295.0,230.0]],"area":511.0,"bbox":[289.0,230.0,24.0,25.0],"iscrowd":0,"attributes":{"occluded":false}},{"id":227,"image_id":48,"category_id":4,"segmentation":[[259.0,231.0,258.0,238.0,263.0,242.0,282.0,241.0,282.0,230.0,279.0,226.0,266.0,226.0]],"area":333.0,"bbox":[258.0,226.0,24.0,16.0],"iscrowd":0,"attributes":{"occluded":false}},{"id":228,"image_id":48,"category_id":4,"segmentation":[[373.0,238.0,371.0,239.0,368.0,250.0,370.0,254.0,378.0,256.0,387.0,242.0,382.0,239.0]],"area":226.0,"bbox":[368.0,238.0,19.0,18.0],"iscrowd":0,"attributes":{"occluded":false}},{"id":229,"image_id":48,"category_id":6,"segmentation":[[0.0,132.0,0.0,402.0,72.0,404.0,105.0,402.0,120.0,394.0,129.0,385.0,145.0,379.0,168.0,356.0,187.0,345.0,218.0,316.0,225.0,301.0,231.0,297.0,233.0,292.0,232.0,279.0,235.0,270.0,235.0,257.0,231.0,242.0,231.0,202.0,227.0,197.0,121.0,148.0,105.0,143.0,87.0,133.0,49.0,131.0]],"area":51973.0,"bbox":[0.0,131.0,235.0,273.0],"iscrowd":0,"attributes":{"occluded":false}},{"id":230,"image_id":49,"category_id":4,"segmentation":[[84.0,295.0,84.0,307.0,86.0,309.0,126.0,308.0,131.0,310.0,138.0,308.0,153.0,312.0,170.0,303.0,178.0,302.0,180.0,297.0,178.0,271.0,172.0,257.0,168.0,253.0,115.0,252.0,110.0,255.0,108.0,254.0,107.0,259.0,87.0,284.0]],"area":4679.0,"bbox":[84.0,252.0,96.0,60.0],"iscrowd":0,"attributes":{"occluded":false}},{"id":231,"image_id":49,"category_id":4,"segmentation":[[504.0,290.0,499.0,309.0,503.0,338.0,514.0,339.0,520.0,332.0,528.0,332.0,541.0,336.0,544.0,339.0,545.0,355.0,549.0,361.0,562.0,362.0,567.0,360.0,572.0,345.0,607.0,347.0,612.0,343.0,617.0,334.0,624.0,329.0,624.0,259.0,541.0,258.0,532.0,264.0,514.0,285.0,508.0,286.0]],"area":9826.0,"bbox":[499.0,258.0,125.0,104.0],"iscrowd":0,"attributes":{"occluded":false}},{"id":232,"image_id":49,"category_id":4,"segmentation":[[420.0,278.0,420.0,295.0,425.0,298.0,431.0,298.0,435.0,303.0,463.0,301.0,487.0,304.0,494.0,301.0,494.0,288.0,491.0,286.0,492.0,281.0,481.0,265.0,473.0,259.0,440.0,258.0,430.0,263.0]],"area":2789.0,"bbox":[420.0,258.0,74.0,46.0],"iscrowd":0,"attributes":{"occluded":false}},{"id":233,"image_id":49,"category_id":4,"segmentation":[[324.0,232.0,322.0,235.0,323.0,260.0,346.0,264.0,352.0,263.0,353.0,234.0,349.0,232.0]],"area":903.0,"bbox":[322.0,232.0,31.0,32.0],"iscrowd":0,"attributes":{"occluded":false}},{"id":234,"image_id":49,"category_id":4,"segmentation":[[243.0,234.0,240.0,242.0,242.0,259.0,246.0,263.0,267.0,262.0,270.0,255.0,267.0,235.0,260.0,232.0]],"area":786.0,"bbox":[240.0,232.0,30.0,31.0],"iscrowd":0,"attributes":{"occluded":false}},{"id":235,"image_id":49,"category_id":4,"segmentation":[[177.0,255.0,175.0,263.0,177.0,267.0,202.0,266.0,202.0,259.0,197.0,250.0,184.0,249.0]],"area":396.0,"bbox":[175.0,249.0,27.0,18.0],"iscrowd":0,"attributes":{"occluded":false}},{"id":236,"image_id":49,"category_id":4,"segmentation":[[109.0,254.0,104.0,252.0,82.0,254.0,69.0,267.0,67.0,280.0,74.0,284.0,89.0,283.0,105.0,263.0]],"area":871.0,"bbox":[67.0,252.0,42.0,32.0],"iscrowd":0,"attributes":{"occluded":false}},{"id":237,"image_id":50,"category_id":4,"segmentation":[[0.0,262.0,0.0,303.0,14.0,303.0,39.0,298.0,43.0,295.0,44.0,276.0,39.0,266.0,28.0,261.0]],"area":1648.0,"bbox":[0.0,261.0,44.0,42.0],"iscrowd":0,"attributes":{"occluded":false}},{"id":238,"image_id":50,"category_id":4,"segmentation":[[107.0,274.0,108.0,286.0,147.0,286.0,157.0,281.0,158.0,267.0,155.0,259.0,150.0,254.0,128.0,253.0,118.0,257.0]],"area":1428.0,"bbox":[107.0,253.0,51.0,33.0],"iscrowd":0,"attributes":{"occluded":false}},{"id":239,"image_id":50,"category_id":4,"segmentation":[[231.0,236.0,232.0,264.0,254.0,265.0,264.0,262.0,263.0,247.0,258.0,234.0,234.0,234.0]],"area":927.0,"bbox":[231.0,234.0,33.0,31.0],"iscrowd":0,"attributes":{"occluded":false}},{"id":240,"image_id":50,"category_id":6,"segmentation":[[318.0,227.0,315.0,253.0,319.0,264.0,355.0,267.0,358.0,264.0,359.0,254.0,358.0,229.0,347.0,226.0]],"area":1615.0,"bbox":[315.0,226.0,44.0,41.0],"iscrowd":0,"attributes":{"occluded":false}}]}